group_1,group_2,taxon,Spez_001_AG,Spez_002_AG,Spez_003_AG,Spez_004_AG,Spez_005_AG,Spez_006_AG,Spez_007_AG,Spez_008_AI,Spez_009_AI,Spez_010_AR,Spez_011_AR,Spez_012_BE,Spez_013_BE,Spez_014_BE,Spez_015_BE,Spez_016_BE,Spez_017_BE,Spez_018_BE,Spez_019_BE,Spez_020_BE,Spez_021_BE,Spez_022_BE,Spez_023_BE,Spez_024_BL,Spez_025_BL,Spez_026_BS,Spez_027_FR,Spez_028_FR,Spez_029_FR,Spez_030_VD,Spez_031_FR,Spez_032_FR ,Spez_033_FR,Spez_034_GE,Spez_035_GE,Spez_036_GL,Spez_037_GL,Spez_038_GR,Spez_039_GR,Spez_040_GR,Spez_041_GR,Spez_042_GR,Spez_043_JU,Spez_044_JU,Spez_045_JU,Spez_046_LU,Spez_047_LU,Spez_048_LU,Spez_049_LU,Spez_050_LU,Spez_051_LU,Spez_052_NE,Spez_053_NE,Spez_054_NW,Spez_055_OW,Spez_056_OW,Spez_057_SG,Spez_058_SG,Spez_059_SG,Spez_060_SG,Spez_061_SG,Spez_062_SH,Spez_063_SH,Spez_064_SH,Spez_065_SO,Spez_066_SO,Spez_067_SO,Spez_068_SZ,Spez_069_SZ,Spez_070_TG,Spez_071_TG,Spez_072_TG,Spez_073_TG,Spez_074_TI,Spez_075_TI,Spez_076_TI,Spez_077_TI,Spez_078_UR,Spez_079_UR,Spez_080_VD,Spez_081_VD,Spez_082_VD,Spez_083_VD,Spez_084_VD,Spez_085_VD,Spez_086_VD,Spez_087_VD,Spez_088_VS,Spez_089_VS,Spez_090_VS,Spez_091_VS,Spez_092_VS,Spez_093_ZG,Spez_094_ZG,Spez_095_ZH,Spez_096_ZH,Spez_097_ZH,Spez_098_ZH,Spez_099_ZH,Spez_100_ZH
PORIFERA,PORIFERA,PORIFERA,0,0,0,0,0,0,0,0,0,0,0,0,0,0,0,0,0,0,0,0,0,0,0,0,0,0,0,0,0,0,0,0,0,0,0,0,0,0,0,0,0,0,0,0,0,0,0,0,0,0,0,0,0,0,0,0,0,0,0,0,0,0,0,0,0,0,0,0,0,0,0,0,0,0,0,0,0,0,0,0,0,0,0,0,0,0,0,0,0,0,0,0,0,0,0,0,0,0,0,0
CNIDARIA,CNIDARIA,CNIDARIA,0,0,0,3,0,0,9,0,0,0,0,0,0,0,0,0,0,0,4,0,0,0,0,0,1,0,0,10,5,0,0,8,0,0,0,0,0,0,0,0,0,0,0,0,0,0,0,0,0,0,1,36,4,0,0,0,0,0,0,0,0,0,2,0,1,0,0,0,0,0,0,0,0,0,0,0,0,0,0,0,0,0,0,0,0,0,0,0,0,0,0,0,6,3,0,0,0,0,0,0
BRYOZOA,BRYOZOA,BRYOZOA,0,0,0,0,0,0,0,0,0,0,0,0,0,0,0,0,0,0,0,0,0,0,0,0,0,0,0,0,0,0,0,0,0,0,0,0,0,0,0,0,0,0,0,0,0,0,0,0,0,0,0,0,0,0,0,0,0,0,0,0,0,0,0,0,0,0,0,0,0,0,0,0,0,0,0,0,0,0,0,0,0,0,0,0,0,0,0,0,0,0,0,0,0,0,0,0,0,0,0,0
PLATYHELMINTHES,PLATYHELMINTHES,Dendrocoelidae,0,0,0,0,0,0,0,0,0,0,0,0,0,0,0,0,0,0,0,0,0,0,0,0,0,0,0,0,0,0,0,0,0,0,0,0,0,0,0,0,0,0,1,0,0,0,0,0,0,0,0,0,0,0,0,0,2,3,0,0,0,0,0,0,0,0,0,0,0,0,0,0,0,0,0,0,0,0,0,0,0,0,0,0,0,0,0,0,0,0,0,0,0,0,0,0,0,0,0,0
PLATYHELMINTHES,PLATYHELMINTHES,Dugesiidae,0,2,6,2,0,0,28,24,0,0,0,0,0,0,0,0,1,0,0,0,0,0,0,0,0,52,0,0,0,10,0,0,0,6,0,1,0,0,0,0,0,0,1,18,0,0,0,14,0,0,7,2,0,0,0,0,0,2,0,0,0,3,8,24,0,16,14,15,0,0,0,0,0,0,0,0,0,0,0,0,10,0,0,0,0,1,11,0,0,0,0,0,2,0,0,1,0,0,2,0
PLATYHELMINTHES,PLATYHELMINTHES,Planariidae,0,0,2,0,0,0,0,0,0,5,0,0,21,16,0,0,70,0,0,30,2,2,7,0,0,0,0,1,13,0,0,5,0,0,0,0,0,50,0,0,107,0,0,0,0,0,0,0,0,0,0,0,0,0,9,0,4,4,220,3,0,0,0,0,0,0,0,0,0,0,0,0,0,0,0,0,0,4,0,7,0,0,1,0,0,1,0,7,0,0,6,0,9,0,0,0,0,0,0,0
NEMATHELMINTHES,NEMATHELMINTHES,NEMATHELMINTHES,1,0,0,1,3,0,0,0,0,3,1,1,1,1,0,0,5,0,0,1,2,1,4,0,1,0,0,1,6,2,0,0,1,0,0,0,0,0,0,0,0,0,2,2,6,0,6,3,4,2,10,20,5,0,1,0,2,0,10,0,0,0,0,0,0,0,17,1,0,0,0,3,2,0,0,0,5,0,0,0,1,0,4,6,0,1,0,0,0,3,0,0,0,0,0,5,4,0,14,0
ANNELIDA,Hirudinea,Erpobdellidae,2,0,0,0,0,0,0,0,0,0,0,0,0,0,0,0,4,0,1,0,0,0,0,4,0,0,0,0,0,0,0,0,0,0,0,0,0,0,0,0,0,0,0,0,0,0,0,0,0,0,0,28,0,0,0,0,15,8,0,0,2,21,0,0,0,0,0,0,0,5,0,1,0,0,5,0,2,0,0,0,5,0,0,0,0,0,0,0,0,0,0,0,0,0,0,0,0,0,12,0
ANNELIDA,Hirudinea,Glossiphoniidae,0,0,0,0,0,0,0,0,0,0,0,0,0,0,0,0,0,2,0,0,0,0,0,0,0,0,0,0,0,0,0,0,0,1,0,0,0,0,0,0,0,0,0,1,0,0,0,0,0,0,0,2,0,0,0,0,6,12,0,1,14,14,0,9,0,0,0,0,0,0,2,1,0,0,27,0,0,0,0,0,12,0,0,0,0,0,0,19,0,0,3,0,0,0,0,0,0,0,0,0
ANNELIDA,Hirudinea,Hirudidae (Tachet),0,0,0,0,0,0,0,0,0,0,0,0,0,0,0,0,0,0,0,0,0,0,0,0,0,0,0,0,0,0,0,0,0,0,0,0,0,0,0,0,0,0,0,0,0,0,0,0,0,0,0,0,0,0,0,0,0,0,0,0,0,0,0,0,0,0,0,0,0,0,0,0,0,0,0,0,0,0,0,0,0,0,0,0,0,0,0,0,0,0,0,0,0,0,0,0,0,0,0,0
ANNELIDA,Hirudinea,Piscicolidae,0,0,0,0,0,0,0,0,0,0,0,0,0,0,0,0,0,0,0,0,0,0,0,0,0,0,0,0,0,0,0,0,0,0,0,3,0,0,0,0,0,0,0,0,0,0,0,0,0,0,0,0,0,0,0,0,0,1,0,0,0,0,0,0,0,0,0,0,0,0,0,0,0,0,0,0,0,0,0,0,0,0,0,0,0,0,0,0,0,0,0,0,0,0,0,0,0,0,0,0
ANNELIDA,Oligochaeta,Oligochaeta,81,306,29,85,9,5,64,17,18,62,7,6,10,180,30,113,129,200,70,15,4,2,19,40,646,7,14,125,120,28,20,65,35,184,10,4,0,0,0,9,0,0,606,147,9,168,75,94,350,36,340,877,104,11,310,31,820,42,75,1,60,140,6,53,105,13,98,9,116,11,2,12,23,3,15,1,9,15,5,11,55,145,24,110,31,105,5,590,47,2,150,150,154,96,0,65,60,3,250,35
MOLLUSCA,Gastropoda,Acroloxidae,0,0,0,0,0,0,0,0,0,0,0,0,0,0,0,0,0,0,0,0,0,0,0,0,0,0,0,0,0,0,0,0,0,0,0,0,0,0,0,0,0,0,0,0,0,0,0,0,0,0,0,0,0,0,0,0,0,0,0,0,0,0,0,0,0,0,0,0,0,0,0,0,0,0,0,0,0,0,0,0,0,0,0,0,0,0,0,0,0,0,0,0,0,0,0,0,0,0,0,0
MOLLUSCA,Gastropoda,Ancylidae (Tachet),0,0,0,0,0,0,0,0,0,0,0,0,0,0,0,0,0,0,0,0,0,0,0,0,0,0,0,0,2,0,0,0,0,3,0,1,0,0,0,0,0,0,0,0,0,0,0,0,0,0,25,0,0,0,0,0,18,0,0,0,0,0,0,0,0,0,0,0,0,0,0,0,0,0,0,0,5,1,0,0,0,0,3,0,0,0,0,0,0,0,0,1,0,3,0,0,0,0,0,0
MOLLUSCA,Gastropoda,Bithyniidae,0,0,0,0,0,0,0,0,0,0,0,0,0,0,0,0,0,0,0,0,0,0,0,0,0,0,0,0,0,0,0,0,0,0,0,0,0,0,0,0,0,0,0,0,0,0,0,0,0,0,0,0,0,0,0,0,0,0,0,0,0,0,0,0,0,0,0,0,0,0,0,0,0,0,0,0,0,0,0,0,0,0,0,0,0,0,0,0,0,0,0,0,0,0,0,0,0,7,0,0
MOLLUSCA,Gastropoda,Ferrissiidae (Tachet),0,0,0,0,0,0,0,0,0,0,0,0,0,0,0,0,0,0,0,0,0,0,0,0,0,0,0,0,0,0,0,0,0,0,0,0,0,0,0,0,0,0,0,0,0,0,0,0,0,0,0,0,0,0,0,0,0,0,0,0,0,0,0,0,0,0,0,0,0,0,0,0,0,0,0,0,0,0,0,0,0,0,0,0,0,0,0,0,0,0,0,0,0,0,0,0,0,0,0,0
MOLLUSCA,Gastropoda,Hydrobiidae,4,6,0,2,2,0,0,0,0,0,0,0,0,0,8,5,0,0,0,0,0,0,0,0,0,23,1,0,0,0,0,0,1,159,2,0,0,0,0,0,0,0,0,0,0,1,0,0,0,0,16,0,0,0,0,0,0,5,0,0,0,23,0,0,1,0,0,0,0,2,0,0,0,0,0,39,0,0,0,0,14,1,0,400,0,0,0,0,0,0,0,0,2,0,0,0,8,0,14,0
MOLLUSCA,Gastropoda,Lymnaeidae,0,0,1,5,0,0,0,0,0,0,0,0,0,1,0,4,5,0,8,0,0,0,1,79,0,0,0,0,0,0,0,1,0,0,0,2,0,0,0,7,0,0,16,0,0,4,0,0,6,0,0,38,34,11,0,0,3,4,0,0,10,85,0,26,8,0,0,5,0,0,0,15,0,0,0,1,0,0,0,0,7,0,0,1,10,0,1,160,0,0,0,0,3,0,0,31,3,2,0,0
MOLLUSCA,Gastropoda,Neritidae,0,0,0,0,0,0,0,0,0,0,0,0,0,0,0,0,0,0,0,0,0,0,0,0,0,0,0,0,0,0,0,0,0,0,0,0,0,0,0,0,0,0,0,0,0,0,0,0,0,0,0,0,0,0,0,0,0,0,0,0,0,0,0,0,0,0,0,0,0,0,0,0,0,0,0,0,0,0,0,0,0,0,0,0,0,0,0,0,0,0,0,0,0,0,0,0,0,0,0,0
MOLLUSCA,Gastropoda,Physidae,0,0,0,0,0,0,0,0,0,0,0,0,0,0,0,0,0,0,2,0,0,0,0,0,0,0,0,0,0,0,0,0,0,0,0,0,0,0,0,0,0,0,0,0,0,20,0,10,1,0,0,0,0,0,0,0,0,0,0,0,0,12,0,99,0,0,0,0,0,0,0,0,0,0,10,3,0,0,0,0,1,0,0,0,0,0,0,0,0,0,0,0,2,0,0,0,10,0,0,0
MOLLUSCA,Gastropoda,Planorbidae,0,0,0,0,0,0,0,0,0,0,0,0,0,0,0,0,1,0,2,0,0,0,0,0,0,0,0,0,0,0,0,0,0,0,0,0,0,0,0,16,0,0,0,0,0,1,0,0,0,0,0,0,0,0,0,0,6,5,0,0,0,0,0,0,0,0,0,0,0,0,0,0,0,0,8,0,0,0,0,0,90,0,0,0,0,0,0,0,0,0,0,0,0,0,0,0,0,8,0,0
MOLLUSCA,Gastropoda,Valvatidae,0,0,0,0,0,0,0,0,0,0,0,0,0,0,0,0,0,0,0,0,0,0,0,0,0,0,0,0,0,0,0,0,0,0,0,0,0,0,0,0,0,0,0,0,0,0,0,0,0,0,0,0,0,0,0,0,0,0,0,0,0,0,0,0,0,0,0,0,0,0,0,0,0,0,0,0,0,0,0,0,0,0,0,0,0,0,0,0,0,0,0,0,0,0,0,0,0,0,0,0
MOLLUSCA,Gastropoda,Viviparidae,0,0,0,0,0,0,0,0,0,0,0,0,0,0,0,0,0,0,0,0,0,0,0,0,0,0,0,0,0,0,0,0,0,0,0,0,0,0,0,0,0,0,0,0,0,0,0,0,0,0,0,0,0,0,0,0,0,0,0,0,0,0,0,0,0,0,0,0,0,0,0,0,0,0,0,0,0,0,0,0,0,0,0,0,0,0,0,0,0,0,0,0,0,0,0,0,0,0,0,0
MOLLUSCA,Bivalvia,Corbiculidae*,0,0,0,0,0,0,0,0,0,0,0,0,0,0,0,0,0,0,0,0,0,0,0,0,0,0,0,0,0,0,0,0,0,0,0,0,0,0,0,0,0,0,0,0,0,0,0,0,0,0,0,0,0,0,0,0,0,0,0,0,0,0,0,0,0,0,0,0,0,0,0,0,0,0,0,1,0,0,0,0,0,0,0,0,0,0,0,0,0,0,0,0,0,0,0,0,0,0,0,0
MOLLUSCA,Bivalvia,Dreissenidae*,0,0,0,0,0,0,0,0,0,0,0,0,0,0,0,0,0,0,0,0,0,0,0,0,0,0,0,0,0,0,0,0,0,0,0,0,0,0,0,0,0,0,0,0,0,0,0,0,0,0,0,0,0,0,0,0,0,0,0,0,0,0,0,0,0,0,0,0,0,0,0,0,2,0,0,0,0,0,0,0,0,0,0,0,0,0,0,0,0,0,0,0,0,0,0,0,0,0,0,0
MOLLUSCA,Bivalvia,Sphaeriidae,6,5,5,0,0,0,7,0,0,0,0,0,25,12,1,21,29,6,30,0,2,0,5,73,0,36,1,70,18,4,8,4,5,53,3,1,0,0,0,0,0,0,229,16,0,1,1,0,1,4,5,14,3,0,2,5,19,150,59,0,420,39,0,4,3,5,1,8,0,6,7,0,0,0,0,2,3,0,0,1,220,120,14,25,3,9,0,5,0,0,0,17,3,0,0,6,0,2,62,2
MOLLUSCA,Bivalvia,Unionidae,0,0,0,0,0,0,0,0,0,0,0,0,0,0,0,0,0,0,0,0,0,0,0,0,0,0,0,0,0,0,0,0,0,0,0,0,0,0,0,0,0,0,0,0,0,0,0,0,0,0,0,0,0,0,0,0,0,0,0,0,0,0,0,0,0,0,0,0,0,0,0,0,0,0,0,0,0,0,0,0,0,0,0,0,0,0,0,0,0,0,0,0,0,0,0,0,0,0,0,0
ARTHROPODA,Arachnida (Inf.-Cl.) Acari,Hydracarina,13,20,1,14,6,8,53,0,3,17,0,17,8,6,0,37,10,2,41,0,1,2,33,7,24,2,0,8,18,21,0,65,2,0,0,37,0,0,1,0,26,0,22,201,141,10,10,73,31,65,17,135,24,3,14,25,16,150,9,37,0,87,2,61,1,9,8,50,68,7,0,18,1,5,6,3,11,1,0,0,2,0,0,0,64,0,7,11,1,0,0,1,164,24,0,50,110,0,90,0
ARTHROPODA,Branchiopoda,Branchiopoda,0,0,0,0,0,0,0,0,0,0,0,0,0,0,0,0,0,0,0,0,0,0,0,0,0,0,0,0,0,0,0,0,0,0,0,0,0,0,0,0,0,0,0,0,0,0,0,0,0,0,0,0,0,0,0,0,0,0,0,0,0,0,0,0,0,0,0,0,0,0,0,0,0,0,0,0,0,0,0,0,0,0,0,0,0,0,0,0,0,0,0,0,0,0,0,0,0,0,0,0
ARTHROPODA,Amphipoda,Corophiidae*,0,0,0,0,0,0,0,0,0,0,0,0,0,0,0,0,0,0,0,0,0,0,0,0,0,0,0,0,0,0,0,0,0,0,0,0,0,0,0,0,0,0,0,0,0,0,0,0,0,0,0,0,0,0,0,0,0,0,0,0,0,0,0,0,0,0,0,0,0,0,0,0,0,0,0,0,0,0,0,0,0,0,0,0,0,0,0,0,0,0,0,0,0,0,0,0,0,0,0,0
ARTHROPODA,Amphipoda,Gammaridae,414,648,3750,31,132,540,168,31,7,3500,19,13,2360,735,289,675,4791,47,220,1097,24,0,1768,51,143,2050,292,245,1200,169,80,120,1325,204,101,1912,0,0,0,2,0,0,1476,2016,710,44,23,121,126,160,2,1916,2348,120,25,9,360,800,1100,207,2760,10,682,289,2044,1089,1136,1750,1,1,101,3,318,0,0,0,1373,922,0,2220,0,510,555,522,290,550,0,125,6,0,0,113,528,0,0,4,80,0,70,700
ARTHROPODA,Amphipoda,Niphargidae,0,0,0,0,0,0,0,0,0,0,0,0,0,0,0,0,0,0,0,0,0,0,0,0,0,0,0,0,0,0,0,0,0,0,0,0,0,0,0,0,0,0,0,0,0,0,0,0,0,0,0,0,0,0,0,0,0,0,0,0,0,0,0,0,0,0,0,0,0,0,0,0,0,0,0,0,0,0,0,0,0,0,0,0,0,0,0,0,0,0,0,0,0,0,0,0,0,0,0,0
ARTHROPODA,Isopoda,Asellidae,6,0,0,0,0,0,0,0,0,0,0,1,0,0,1,0,0,1000,0,0,0,0,0,66,0,0,0,0,0,0,0,0,1,3,0,1,0,0,0,0,0,0,72,0,0,8,0,4,0,0,3,369,2,0,0,0,1065,104,0,0,0,0,0,0,0,0,0,0,0,1,0,10,0,0,45,28,20,0,0,0,210,0,0,0,1,1,0,90,1,1,1,0,0,0,0,0,0,0,20,0
ARTHROPODA,Isopoda,Janiridae*,0,0,0,0,0,0,0,0,0,0,0,0,0,0,0,0,0,0,0,0,0,0,0,0,0,0,0,0,0,0,0,0,0,0,0,0,0,0,0,0,0,0,0,0,0,0,0,0,0,0,0,0,0,0,0,0,0,0,0,0,0,0,0,0,0,0,0,0,0,0,0,0,0,0,0,0,0,0,0,0,0,0,0,0,0,0,0,0,0,0,0,0,0,0,0,0,0,0,0,0
ARTHROPODA,Mysida,Mysidae*,0,0,0,0,0,0,0,0,0,0,0,0,0,0,0,0,0,0,0,0,0,0,0,0,0,0,0,0,0,0,0,0,0,0,0,0,0,0,0,0,0,0,0,0,0,0,0,0,0,0,0,0,0,0,0,0,0,0,0,0,0,0,0,0,0,0,0,0,0,0,0,0,0,0,0,0,0,0,0,0,0,0,0,0,0,0,0,0,0,0,0,0,0,0,0,0,0,0,0,0
ARTHROPODA,Decapoda,Astacidae,0,0,0,0,0,0,0,0,0,0,0,0,0,0,0,0,0,0,0,0,0,0,0,0,0,0,0,0,0,0,0,0,0,0,0,0,0,0,0,0,0,0,0,0,0,0,0,0,0,0,0,0,0,0,0,0,0,0,0,0,0,0,0,0,0,0,0,0,0,0,0,0,3,0,1,0,0,0,0,0,0,0,0,0,0,0,0,0,0,0,0,0,0,0,0,0,0,0,0,0
ARTHROPODA,Decapoda,Cambaridae*,0,0,0,0,0,0,0,0,0,0,0,0,0,0,0,0,0,0,0,0,0,0,0,0,0,0,0,0,0,0,0,0,0,0,0,0,0,0,0,0,0,0,0,0,0,0,0,0,0,0,0,0,0,0,0,0,0,0,0,0,0,0,0,0,0,0,0,0,0,0,0,0,0,0,0,0,0,0,0,0,0,0,0,0,0,0,0,0,0,0,0,0,0,0,0,0,0,0,0,0
ARTHROPODA,Ephemeroptera,Ameletidae,0,0,0,0,0,0,0,0,0,0,0,0,0,0,0,0,0,0,0,0,0,0,0,0,0,0,0,0,0,0,0,0,0,0,0,0,0,0,0,0,0,0,0,0,0,0,0,0,0,0,0,0,0,0,0,0,0,0,0,0,0,0,0,0,0,0,0,0,0,0,0,0,0,0,0,0,0,0,0,0,0,0,0,0,0,0,0,0,0,0,0,0,0,0,0,0,0,0,0,0
ARTHROPODA,Ephemeroptera,Baetidae ,1482,9,121,34,1020,850,120,98,233,426,486,1231,55,800,175,230,183,50,411,42,75,311,425,268,33,4,29,118,330,140,1457,229,420,0,5,96,0,5,284,60,585,70,139,385,834,19,1692,151,605,1314,85,1437,411,31,588,158,71,548,1210,824,0,1403,114,33,15,218,1143,1225,186,0,0,94,10,20,27,179,22,49,471,80,0,190,390,310,70,16,863,121,4,343,142,143,17,330,0,290,630,8,23,16
ARTHROPODA,Ephemeroptera,Caenidae,0,0,0,0,0,0,0,14,17,0,9,0,0,1,0,0,0,0,0,0,29,0,0,0,0,0,0,0,1,0,0,40,0,0,0,0,0,0,0,0,0,0,0,0,14,0,0,0,0,1,0,0,0,0,0,76,0,0,0,0,0,361,0,0,0,0,2,0,357,0,0,0,3,0,0,0,15,0,0,0,1,0,0,0,0,0,0,0,0,0,0,0,0,18,0,40,1,0,1,0
ARTHROPODA,Ephemeroptera,Ephemerellidae,82,1,0,1,3,53,1,33,10,0,30,0,0,203,21,108,0,0,35,0,56,0,15,0,7,0,0,6,59,238,152,35,11,0,0,25,0,0,0,0,0,0,1,29,65,15,50,4,140,78,9,0,0,6,300,4,1,0,103,3,0,8,0,1,0,0,56,62,153,0,0,6,1,29,0,14,14,19,0,0,0,0,0,0,8,0,19,0,0,0,0,0,21,8,0,33,3,0,21,14
ARTHROPODA,Ephemeroptera,Ephemeridae,5,16,2,2,2,0,25,0,0,0,1,0,0,0,1,0,0,0,0,0,0,0,0,0,0,0,0,0,0,0,0,0,0,0,0,1,0,0,0,0,0,0,0,2,7,2,0,0,7,0,0,0,0,0,0,4,0,0,0,0,0,0,4,0,0,0,3,0,0,0,0,81,25,0,0,0,0,0,0,0,0,0,0,0,0,0,0,0,0,0,0,0,12,0,0,21,3,0,5,5
ARTHROPODA,Ephemeroptera,Heptageniidae,7,1,75,0,0,0,1,31,84,34,12,3,34,7,0,1,0,0,0,7,30,392,1,0,0,1,0,0,4,5,6,6,11,0,0,0,0,0,0,37,0,155,0,13,17,0,1,0,0,70,2,0,0,0,17,1,0,0,0,0,0,0,6,0,2,0,149,0,81,0,0,1,6,4,0,0,2,0,67,1,0,17,0,0,0,0,127,0,7,0,0,0,1,13,0,3,78,0,20,2
ARTHROPODA,Ephemeroptera,Leptophlebiidae,0,32,0,15,0,0,4,59,5,0,1,18,0,0,0,0,0,0,1,1,217,0,0,0,5,0,0,0,0,4,104,12,0,0,0,6,0,0,0,0,0,0,0,5,17,1,0,0,0,9,0,0,2,17,22,17,0,8,1,0,0,5,23,1,0,0,97,0,48,0,0,3,17,1,0,1,2,0,0,0,0,0,0,0,2,0,582,0,0,0,0,0,4,106,0,17,5,0,4,12
ARTHROPODA,Ephemeroptera,Oligoneuriidae,0,0,0,0,0,0,0,0,0,0,0,0,0,0,0,0,0,0,0,0,0,0,0,0,0,0,0,0,0,0,0,0,0,0,0,0,0,0,0,0,0,0,0,0,0,0,0,0,0,0,0,0,0,0,0,0,0,0,0,0,0,0,0,0,0,0,0,0,0,0,0,0,0,0,0,0,0,0,0,0,0,0,0,0,0,0,0,0,0,0,0,0,0,0,0,0,0,0,0,0
ARTHROPODA,Ephemeroptera,Polymitarcyidae,0,0,0,0,0,0,0,0,0,0,0,0,0,0,0,0,0,0,0,0,0,0,0,0,0,0,0,0,0,0,0,0,0,0,0,0,0,0,0,0,0,0,0,0,0,0,0,0,0,0,0,0,0,0,0,0,0,0,0,0,0,0,0,0,0,0,0,0,0,0,0,0,0,0,0,0,0,0,0,0,0,0,0,0,0,0,0,0,0,0,0,0,0,0,0,0,0,0,0,0
ARTHROPODA,Ephemeroptera,Potamanthidae,0,0,0,0,0,0,0,0,0,0,0,0,0,0,0,0,0,0,0,0,0,0,0,0,0,0,0,0,0,0,0,0,0,0,0,0,0,0,0,0,0,0,0,0,0,0,0,0,0,0,0,0,0,0,0,0,0,0,0,0,0,0,0,0,0,0,0,0,0,0,0,0,0,0,0,0,0,0,0,0,0,0,0,0,0,0,0,0,0,0,0,0,0,0,0,0,0,0,0,0
ARTHROPODA,Ephemeroptera,Siphlonuridae,0,0,0,0,0,0,0,0,0,0,0,0,0,0,0,0,0,0,0,0,0,0,0,0,0,0,0,0,0,0,0,0,0,0,0,0,0,0,0,0,0,0,0,0,0,0,0,0,0,0,0,0,0,0,0,0,0,0,0,0,0,0,0,0,0,0,0,0,0,0,0,0,0,0,0,0,0,0,0,0,0,0,0,0,0,0,0,0,0,0,0,0,0,0,0,0,0,0,0,0
ARTHROPODA,Odonata,Aeshnidae,0,0,0,0,0,0,0,0,0,0,0,0,0,0,0,0,0,2,0,0,0,0,0,0,0,0,0,0,0,0,0,0,0,0,0,0,0,0,0,0,0,0,0,0,0,0,0,0,0,0,0,0,0,0,0,0,0,0,0,0,0,0,0,0,0,0,0,0,0,0,0,0,0,0,0,0,0,0,0,0,0,2,0,0,0,0,0,0,0,0,0,0,0,0,0,0,0,0,0,0
ARTHROPODA,Odonata,Calopterygidae,0,10,2,3,0,0,1,0,0,0,0,0,0,0,0,2,0,0,0,0,0,0,0,0,0,0,0,0,3,0,0,5,0,0,0,0,0,0,0,0,0,0,0,2,15,6,0,0,0,1,0,0,0,0,0,0,6,0,0,0,0,0,0,0,0,0,0,0,0,0,0,1,3,0,0,0,0,0,0,0,0,1,0,0,0,0,0,0,0,0,0,0,14,0,0,1,0,0,0,2
ARTHROPODA,Odonata,Coenagrionidae,0,0,0,0,0,0,0,0,0,0,0,0,0,0,0,0,0,0,26,0,0,0,0,0,0,0,0,0,0,0,0,0,0,0,0,0,0,0,0,0,0,0,0,0,0,0,0,0,0,0,0,0,0,0,0,0,0,0,0,0,0,0,0,0,0,0,0,0,0,0,0,0,0,0,0,1,0,0,0,0,0,0,0,0,0,0,0,0,0,0,0,0,0,0,0,0,0,0,0,0
ARTHROPODA,Odonata,Cordulegasteridae,0,1,1,1,0,0,0,0,0,0,0,0,6,0,0,0,0,0,0,0,0,0,0,0,0,0,0,2,0,1,0,0,0,0,1,0,0,0,0,0,0,0,0,0,0,0,0,0,2,0,1,0,0,0,0,0,0,0,0,0,0,0,0,0,0,0,0,0,0,0,0,1,0,0,0,0,0,0,0,0,0,0,1,8,0,0,0,0,0,0,0,0,2,0,0,0,2,0,2,1
ARTHROPODA,Odonata,Corduliidae,0,0,0,0,0,0,0,0,0,0,0,0,0,0,0,0,0,0,0,0,0,0,0,0,0,0,0,0,0,0,0,0,0,0,0,0,0,0,0,1,0,0,0,0,0,0,0,0,0,0,0,0,0,0,0,0,0,0,0,0,0,0,0,0,0,0,0,0,0,0,0,0,0,0,0,0,0,0,0,0,0,0,0,0,0,0,0,0,0,0,0,0,0,0,0,0,0,2,0,0
ARTHROPODA,Odonata,Gomphidae,0,0,0,0,0,0,0,0,0,0,0,0,0,0,0,0,0,0,0,0,0,0,0,0,0,0,0,0,0,0,0,0,0,0,0,0,0,0,0,0,0,0,0,0,0,0,0,1,0,0,1,0,0,0,0,0,0,0,0,0,0,0,0,0,0,0,0,0,0,0,0,0,0,0,0,0,0,0,0,0,0,0,0,0,0,0,0,0,0,0,0,0,1,0,0,0,0,0,0,0
ARTHROPODA,Odonata,Lestidae,0,0,0,0,0,0,0,0,0,0,0,0,0,0,0,0,0,0,0,0,0,0,0,0,0,0,0,0,0,0,0,0,0,1,0,0,0,0,0,0,0,0,0,0,0,0,0,0,0,0,0,0,0,0,0,3,0,0,0,0,0,0,0,0,0,0,0,0,0,0,0,0,0,0,0,0,0,0,0,0,0,0,0,0,0,0,0,0,0,0,0,0,0,0,0,0,0,0,0,0
ARTHROPODA,Odonata,Libellulidae,0,0,0,0,0,0,0,0,0,0,0,0,0,0,0,0,0,0,0,0,0,0,0,0,0,0,0,0,0,0,0,0,0,0,0,0,0,0,0,0,0,0,0,0,0,0,0,0,0,0,0,0,0,0,0,0,0,0,0,0,0,4,0,1,0,0,0,0,0,1,0,0,0,0,0,0,0,0,0,0,0,0,0,0,0,0,0,1,0,0,0,0,0,0,0,0,0,0,0,0
ARTHROPODA,Odonata,Platycnemididae,0,0,0,0,0,0,0,0,0,0,0,0,0,0,0,0,0,0,0,0,0,0,0,0,0,0,0,0,0,0,0,0,0,0,0,0,0,0,0,0,0,0,0,0,0,88,0,0,0,0,0,0,0,0,0,0,0,0,0,0,0,1,0,0,0,0,0,0,0,1,0,0,0,0,0,0,0,0,0,0,0,0,0,0,0,0,0,0,0,0,0,0,0,0,0,0,0,0,0,0
ARTHROPODA,Plecoptera,Capniidae,0,0,0,0,0,0,0,0,0,0,0,0,0,0,0,0,0,0,0,0,0,0,0,0,0,0,0,0,0,0,0,0,0,0,0,0,0,0,0,0,0,0,0,0,0,0,0,0,0,0,0,0,0,0,0,0,0,0,0,0,0,0,0,0,0,0,0,0,0,0,0,0,0,0,0,0,0,0,0,0,0,0,0,0,0,0,0,0,0,0,0,0,0,0,0,0,0,0,0,0
ARTHROPODA,Plecoptera,Chloroperlidae,0,0,0,0,0,0,0,0,0,0,0,0,0,0,0,0,0,0,0,0,0,3,0,0,0,0,0,0,0,0,0,0,0,0,0,0,0,0,0,0,5,0,0,0,0,0,0,0,0,0,0,0,0,0,0,0,0,0,0,0,0,0,0,0,0,0,0,0,0,0,0,0,0,0,0,0,0,0,0,0,0,0,0,0,0,0,2,0,0,0,0,0,0,0,0,0,0,0,0,0
ARTHROPODA,Plecoptera,Leuctridae,3,13,6,45,1,1,68,43,189,44,18,10,58,9,0,49,0,0,25,187,80,13,0,0,0,0,0,1,20,45,45,54,1,0,0,0,0,0,0,1,3,0,0,11,37,6,32,4,12,288,192,0,2,52,49,311,0,0,3,0,0,0,1,0,0,0,20,0,4,0,0,149,59,47,0,1,91,4,24,12,0,0,0,0,0,0,104,0,0,0,0,0,85,63,0,50,370,0,620,14
ARTHROPODA,Plecoptera,Nemouridae,0,0,229,1,22,0,11,0,9,80,22,112,85,109,0,0,0,0,3,66,12,211,78,0,0,0,0,15,2,12,1,0,2,0,0,3,0,28,3,5,19,58,0,1,79,0,1,0,3,7,0,0,9,3,149,19,0,0,13,34,0,0,50,0,1,0,58,0,30,0,0,2,0,0,0,0,0,0,104,93,0,1,0,0,0,0,78,0,8,0,4,0,0,9,0,80,64,0,4,0
ARTHROPODA,Plecoptera,Perlidae,0,0,0,0,0,0,0,0,20,2,3,0,0,0,0,0,0,0,0,0,0,7,0,0,0,0,0,0,0,0,0,0,0,0,0,0,0,0,0,0,0,1,0,0,0,0,0,0,0,0,0,0,0,0,1,0,0,0,0,0,0,0,0,0,0,0,0,0,0,0,0,0,0,0,0,0,0,0,5,0,0,0,0,0,0,0,0,0,0,0,0,0,0,0,0,0,0,0,0,0
ARTHROPODA,Plecoptera,Perlodidae,0,0,0,0,0,0,0,0,0,22,0,8,0,0,0,0,0,0,1,0,1,16,0,0,0,0,0,0,0,0,0,0,0,0,0,0,0,2,0,0,7,9,0,1,0,0,0,0,0,0,0,0,0,0,2,0,0,0,0,0,0,0,0,0,1,0,2,0,0,0,0,0,0,0,0,0,0,0,60,0,0,0,0,0,0,0,8,0,3,0,0,0,0,0,0,0,0,0,0,0
ARTHROPODA,Plecoptera,Taeniopterygidae,0,0,0,0,0,0,0,0,0,0,0,1,0,0,0,0,0,0,0,0,0,9,0,0,0,0,0,0,0,0,0,0,0,0,0,0,0,0,0,0,0,0,0,0,0,0,0,0,0,0,0,0,0,0,0,0,0,0,0,0,0,0,0,0,0,0,0,0,0,0,0,0,0,0,0,0,0,0,0,0,0,0,0,0,0,0,0,0,0,0,0,0,0,0,0,0,0,0,0,0
ARTHROPODA,Heteroptera,Aphelocheiridae,0,0,0,0,0,0,0,0,0,0,0,0,0,0,0,0,0,0,0,0,0,0,0,0,0,0,0,0,0,0,0,0,0,0,0,0,0,0,0,0,0,0,0,0,0,0,0,7,0,0,0,0,0,0,0,0,0,0,0,0,0,0,0,0,0,0,0,0,0,0,0,0,0,0,0,0,0,0,0,0,0,0,0,0,0,0,0,0,0,0,0,0,0,0,0,0,0,0,0,0
ARTHROPODA,Heteroptera,Corixidae,0,9,0,0,0,0,0,0,0,0,0,0,0,0,0,0,0,0,0,0,0,0,0,0,0,0,0,0,0,0,0,0,0,0,0,0,0,0,0,0,0,0,0,0,0,0,0,0,0,0,0,0,0,2,0,1,0,0,0,0,0,0,0,0,0,0,0,0,1,0,0,0,0,0,102,0,0,0,0,0,0,0,0,0,0,0,0,0,0,0,0,0,1,0,0,0,0,0,0,0
ARTHROPODA,Heteroptera,Gerridae,1,2,0,10,0,0,0,0,0,0,0,0,0,0,0,0,0,0,0,0,0,0,0,0,0,0,0,0,0,0,0,0,0,0,0,0,0,0,0,0,0,0,0,0,0,6,0,0,0,0,3,0,0,0,0,0,0,0,0,0,1,0,0,0,0,0,0,0,0,0,0,15,17,1,2,0,0,0,0,0,0,0,0,0,0,0,0,0,0,0,0,1,0,0,0,0,0,0,0,0
ARTHROPODA,Heteroptera,Hebridae,0,0,0,0,0,0,0,0,0,0,0,0,0,0,0,0,0,0,0,0,0,0,0,0,0,0,0,0,0,0,0,0,0,0,0,0,0,0,0,0,0,0,0,0,0,0,0,0,0,0,0,0,0,0,0,0,0,0,0,0,0,0,0,0,0,0,0,0,0,0,0,0,0,0,0,0,0,0,0,0,0,0,0,0,0,0,0,0,0,0,0,0,0,0,0,0,0,0,0,0
ARTHROPODA,Heteroptera,Hydrometridae,0,0,0,0,0,0,0,0,0,0,0,0,0,0,0,0,0,0,0,0,0,0,0,0,0,0,0,0,0,0,0,0,0,0,0,0,0,0,0,0,0,0,0,0,0,0,0,0,0,0,0,0,0,0,0,0,0,0,0,0,0,0,0,0,0,0,0,0,0,0,0,1,0,0,0,0,0,0,0,0,0,0,0,0,0,0,0,0,0,0,0,0,0,0,0,0,0,0,0,0
ARTHROPODA,Heteroptera,Mesoveliidae,0,0,0,0,0,0,0,0,0,0,0,0,0,0,0,0,0,0,0,0,0,0,0,0,0,0,0,0,0,0,0,0,0,0,0,0,0,0,0,0,0,0,0,0,0,0,0,0,0,0,0,0,0,0,0,0,0,0,0,0,0,0,0,1,0,0,0,0,0,1,0,0,0,0,0,0,0,0,0,0,0,0,0,0,0,0,0,0,0,0,0,0,0,0,0,0,0,0,0,0
ARTHROPODA,Heteroptera,Naucoridae,0,0,0,0,0,0,0,0,0,0,0,0,0,0,0,0,0,0,0,0,0,0,0,0,0,0,0,0,0,0,0,0,0,0,0,0,0,0,0,0,0,0,0,0,0,0,0,0,0,0,0,0,0,0,0,0,0,0,0,0,0,0,0,0,0,0,0,0,0,0,0,0,0,0,0,0,0,0,0,0,0,0,0,0,0,0,0,0,0,0,0,0,0,0,0,0,0,0,0,0
ARTHROPODA,Heteroptera,Nepidae,0,0,0,0,0,0,0,0,0,0,0,0,0,0,0,0,3,0,0,0,0,0,0,0,0,0,0,0,0,0,0,0,0,0,0,0,0,0,0,0,0,0,0,0,0,0,0,0,0,0,0,0,0,0,0,0,0,0,0,0,0,0,0,0,0,0,0,0,0,0,0,0,0,0,0,1,0,0,0,0,0,0,0,0,0,0,0,0,0,0,0,0,0,0,0,0,0,0,0,0
ARTHROPODA,Heteroptera,Notonectidae,0,0,0,0,0,0,0,0,0,0,0,0,0,0,0,0,0,2,0,0,0,0,0,0,0,0,0,0,0,0,0,0,0,0,0,0,0,0,0,0,0,0,0,0,0,0,0,0,0,0,0,0,0,0,0,0,0,0,0,0,0,0,0,0,0,0,0,0,0,0,0,0,0,0,0,0,0,0,0,0,0,0,0,0,0,0,0,0,0,0,0,0,0,0,0,0,0,0,0,0
ARTHROPODA,Heteroptera,Pleidae,0,0,0,0,0,0,0,0,0,0,0,0,0,0,0,0,0,0,0,0,0,0,0,0,0,0,0,0,0,0,0,0,0,0,0,0,0,0,0,0,0,0,0,0,0,0,0,0,0,0,0,0,0,0,0,0,0,0,0,0,0,0,0,0,0,0,0,0,0,0,0,0,0,0,0,0,0,0,0,0,0,0,0,0,0,0,0,0,0,0,0,0,0,0,0,0,0,0,0,0
ARTHROPODA,Heteroptera,Veliidae,0,0,0,0,0,0,0,0,0,0,0,0,4,0,0,0,1,0,1,0,0,0,0,0,0,0,0,2,2,0,0,0,0,0,0,0,0,0,0,0,0,0,0,1,0,0,0,0,1,0,0,1,1,0,0,0,0,0,0,0,0,0,0,2,1,0,0,0,0,0,5,0,0,0,0,0,0,0,0,0,0,0,0,0,0,0,0,0,0,0,0,0,0,0,0,0,0,0,0,0
ARTHROPODA,Megaloptera,Sialidae,0,0,0,0,0,0,0,1,0,0,1,0,0,0,0,0,0,1,0,0,1,0,0,0,0,0,0,0,3,0,2,2,0,1,0,2,0,0,0,0,0,0,0,0,0,7,0,0,1,0,0,0,0,3,0,1,1,5,0,0,13,0,14,0,0,0,0,0,0,0,0,8,4,0,0,0,2,0,0,0,0,0,0,0,0,0,0,0,0,0,0,0,0,4,0,0,0,0,1,0
ARTHROPODA,Neuroptera,Osmylidae,0,0,0,0,0,0,0,0,0,0,0,0,0,0,0,0,0,0,0,0,0,0,0,0,0,0,0,0,0,0,0,0,0,0,0,0,0,0,0,0,0,0,0,0,0,0,0,0,0,0,0,0,0,0,0,0,0,0,0,0,0,0,1,0,0,0,0,0,0,0,0,0,0,0,0,0,0,0,0,0,0,0,0,0,0,0,0,0,0,0,0,0,0,0,0,0,0,0,0,0
ARTHROPODA,Neuroptera,Sisyridae,0,0,0,0,0,0,0,0,0,0,0,0,0,0,0,0,0,0,0,0,0,0,0,0,0,0,0,0,0,0,0,0,0,0,0,0,0,0,0,0,0,0,0,0,0,0,0,0,0,0,0,0,0,0,0,0,0,0,0,0,0,0,0,0,0,0,0,0,0,0,0,0,0,0,0,0,0,0,0,0,0,0,0,0,0,0,0,0,0,0,0,0,0,0,0,0,0,0,0,0
ARTHROPODA,Coleoptera,Curculionidae,0,0,0,0,0,0,0,0,0,0,0,0,0,0,0,0,0,0,0,0,0,0,0,0,0,0,0,0,0,0,0,0,0,0,0,0,0,0,0,0,0,0,0,0,0,0,0,0,0,0,0,0,0,0,0,0,0,0,0,0,0,0,0,0,0,0,0,0,0,0,0,0,0,0,0,0,0,0,0,0,0,0,0,0,0,0,0,0,0,0,0,0,0,0,0,0,0,0,0,0
ARTHROPODA,Coleoptera,Chrysomelidae,0,0,0,0,0,0,0,0,0,0,0,0,0,0,0,0,0,0,0,0,0,0,0,0,0,0,0,0,0,0,0,0,0,0,0,0,0,0,0,0,0,0,0,0,0,0,0,0,0,0,0,0,0,0,0,0,0,0,0,0,0,0,0,0,0,0,0,0,0,0,0,0,0,0,0,0,0,0,0,0,0,0,0,0,0,0,0,0,0,0,0,0,0,0,0,0,0,0,0,0
ARTHROPODA,Coleoptera,Dryopidae,0,0,0,0,0,0,0,0,0,0,0,0,0,0,0,0,0,0,0,0,0,0,0,0,0,0,0,0,0,0,0,0,0,0,0,0,0,0,0,2,0,0,0,0,1,0,0,0,0,0,0,0,0,0,0,0,0,0,0,0,0,0,0,0,0,0,0,0,0,0,0,0,0,0,0,0,0,0,0,0,0,0,0,0,0,0,0,0,0,0,0,0,0,0,0,0,0,0,0,0
ARTHROPODA,Coleoptera,Dytiscidae,0,2,0,0,0,0,0,6,1,3,15,5,0,1,0,6,0,2,21,0,9,0,4,0,1,0,0,0,29,8,1,3,0,0,0,10,0,0,0,0,0,0,0,1,30,1,17,0,10,2,0,1,0,3,1,0,0,0,0,0,0,1,13,1,0,0,0,1,9,0,0,1,0,0,0,2,0,0,0,0,2,0,0,0,0,0,1,27,0,2,0,7,1,1,0,2,0,0,1,0
ARTHROPODA,Coleoptera,Elmidae,88,397,443,650,100,18,1077,12,53,200,5,34,14,315,94,178,67,0,217,39,48,0,780,0,66,23,166,258,96,154,6,82,22,10,0,211,0,0,0,1,0,0,14,1138,970,302,132,72,826,236,122,104,1,33,131,514,16,3,430,261,0,1050,43,200,577,140,156,145,244,1,0,5,104,0,0,23,123,279,7,9,0,1,7,0,5,0,37,2,0,0,0,0,570,334,0,300,350,0,260,18
ARTHROPODA,Coleoptera,Gyrinidae,0,0,0,0,0,0,0,0,0,0,0,0,0,0,0,0,0,0,0,0,0,0,0,0,0,0,0,0,0,0,0,0,0,0,0,0,0,0,0,0,0,0,0,1,0,1,0,0,0,0,0,0,0,0,0,8,0,0,0,0,0,0,0,0,0,0,0,0,0,0,0,0,0,0,0,0,0,0,0,0,0,0,0,0,0,0,0,0,0,0,0,0,2,0,0,0,0,0,0,0
ARTHROPODA,Coleoptera,Haliplidae,0,0,0,2,0,0,0,0,0,0,0,0,0,0,0,0,0,1,3,0,0,0,0,1,0,0,0,0,0,0,0,0,0,0,0,3,0,0,0,0,0,0,4,0,0,3,0,0,4,0,0,3,0,0,0,0,0,1,0,0,0,53,0,7,0,0,0,0,0,0,0,0,0,0,3,1,0,0,0,0,75,0,0,0,0,0,0,7,0,0,0,0,0,0,0,0,1,0,0,0
ARTHROPODA,Coleoptera,Helophoridae,0,0,0,0,0,0,0,0,0,0,0,0,0,0,0,0,0,0,0,0,0,0,0,0,0,0,0,0,0,0,1,0,0,0,0,0,0,0,0,0,0,0,0,0,0,0,0,0,0,0,0,0,0,0,0,0,0,0,0,0,0,0,0,0,0,0,0,0,0,0,0,0,0,0,0,0,0,0,0,0,0,0,0,0,0,0,0,0,0,0,0,0,0,0,0,0,0,0,0,0
ARTHROPODA,Coleoptera,Hydraenidae,0,0,27,0,1,0,0,10,20,310,11,1,3,7,12,9,2,0,0,25,76,2,6,0,0,0,0,3,5,15,2,11,5,0,0,0,0,0,0,0,0,0,0,0,78,1,0,1,0,77,1,0,0,0,12,16,0,0,19,0,0,0,3,0,0,0,15,1,7,0,0,0,0,1,0,0,0,0,0,0,0,0,0,0,0,0,18,0,4,0,0,0,0,0,0,5,0,0,0,0
ARTHROPODA,Coleoptera,Hydrochidae,0,0,0,0,0,0,0,0,0,0,0,0,0,0,0,0,0,0,0,0,0,0,0,0,0,0,0,0,0,0,0,0,0,0,0,0,0,0,0,0,0,0,0,0,0,0,0,0,0,0,0,0,0,0,0,0,0,0,0,0,0,0,0,0,0,0,0,0,0,0,0,0,0,0,0,0,0,0,0,0,0,0,0,0,0,0,0,0,0,0,0,0,0,0,0,0,0,0,0,0
ARTHROPODA,Coleoptera,Hydrophilidae,0,0,0,0,0,0,0,0,0,0,0,0,0,0,0,0,5,1,0,0,0,0,0,0,0,0,0,1,0,0,0,0,0,0,0,0,0,0,0,0,0,0,0,0,0,0,0,0,0,0,0,0,0,10,0,0,0,0,0,0,0,5,0,0,0,0,0,0,0,0,0,0,0,0,0,8,0,0,0,0,0,0,0,0,0,0,0,0,0,0,0,0,0,0,0,0,0,0,0,0
ARTHROPODA,Coleoptera,Hydroscaphidae,0,0,0,0,0,0,0,0,0,0,0,0,0,0,0,0,0,0,0,0,0,0,0,0,0,0,0,0,0,0,0,0,0,0,0,0,0,0,0,0,0,0,0,0,0,0,0,0,0,0,0,0,0,0,0,0,0,0,0,0,0,0,0,0,0,0,0,0,0,0,0,0,0,0,0,0,0,0,0,0,0,0,0,0,0,0,0,0,0,0,0,0,0,0,0,0,0,0,0,0
ARTHROPODA,Coleoptera,Hygrobiidae,0,0,0,0,0,0,0,0,0,0,0,0,0,0,0,0,0,0,0,0,0,0,0,0,0,0,0,0,0,0,0,0,0,0,0,0,0,0,0,0,0,0,0,0,0,0,0,0,0,0,0,0,0,0,0,0,0,0,0,0,0,0,0,0,0,0,0,0,0,0,0,0,0,0,0,0,0,0,0,0,0,0,0,0,0,0,0,0,0,0,0,0,0,0,0,0,0,0,0,0
ARTHROPODA,Coleoptera,Noteridae,0,0,0,0,0,0,0,0,0,0,0,0,0,0,0,0,0,0,0,0,0,0,0,0,0,0,0,0,0,0,0,0,0,0,0,0,0,0,0,0,0,0,0,0,0,0,0,0,0,0,0,0,0,0,0,0,0,0,0,0,0,0,0,0,0,0,0,0,0,0,0,0,0,0,0,0,0,0,0,0,0,0,0,0,0,0,0,0,0,0,0,0,0,0,0,0,0,0,0,0
ARTHROPODA,Coleoptera,Psephenidae,0,0,0,0,0,0,0,0,0,0,0,0,0,0,0,0,0,0,0,0,0,0,0,0,0,0,0,0,0,0,0,0,0,0,0,0,0,0,0,0,0,0,0,0,0,0,0,0,0,0,0,0,0,0,0,0,0,0,0,0,0,0,0,0,0,0,0,0,0,0,0,0,0,0,0,0,0,0,0,0,0,0,0,0,0,0,0,0,0,0,0,0,0,0,0,0,0,0,0,0
ARTHROPODA,Coleoptera,Scirtidae (=Helodidae),0,1,55,0,0,1,0,1,0,1,0,0,21,6,2,1,24,0,5,35,4,0,8,0,0,6,0,6,0,5,0,0,0,0,0,0,0,0,0,0,0,0,0,3,12,0,0,0,0,0,0,0,0,3,1,9,0,0,8,0,66,1,6,2,0,1,0,0,0,0,0,0,0,0,0,1,0,0,0,3,0,17,0,0,0,0,1,0,0,0,1,0,0,3,0,15,2,0,0,1
ARTHROPODA,Coleoptera,Spercheidae,0,0,0,0,0,0,0,0,0,0,0,0,0,0,0,0,0,0,0,0,0,0,0,0,0,0,0,0,0,0,0,0,0,0,0,0,0,0,0,0,0,0,0,0,0,0,0,0,0,0,0,0,0,0,0,0,0,0,0,0,0,0,0,0,0,0,0,0,0,0,0,0,0,0,0,0,0,0,0,0,0,0,0,0,0,0,0,0,0,0,0,0,0,0,0,0,0,0,0,0
ARTHROPODA,Trichoptera,Apataniidae,0,0,0,0,0,0,0,0,0,0,0,0,0,0,0,0,0,0,0,0,0,0,0,0,0,0,0,0,0,0,0,0,0,0,0,0,0,0,0,0,0,0,0,0,0,0,0,0,0,0,0,0,0,0,0,0,0,0,0,0,0,0,0,0,0,0,0,0,0,0,0,0,0,0,0,0,0,0,0,0,0,0,0,0,0,0,0,0,0,0,0,0,0,0,0,0,0,0,0,0
ARTHROPODA,Trichoptera,Beraeidae,0,0,0,0,0,0,0,0,0,0,0,0,0,0,0,0,0,0,0,0,0,0,0,0,0,0,0,0,0,0,0,0,0,0,0,0,0,0,0,0,0,0,0,0,0,0,0,0,0,0,0,0,0,0,0,0,0,0,0,0,0,0,0,0,0,0,0,0,0,0,0,0,0,0,0,0,0,0,0,0,0,0,0,0,0,0,0,0,0,0,0,0,0,0,0,0,0,0,0,0
ARTHROPODA,Trichoptera,Brachycentridae,0,0,0,0,0,0,0,0,0,0,0,0,0,0,0,0,0,0,0,0,0,0,0,0,0,0,0,0,0,0,0,0,0,0,0,0,0,0,0,0,0,0,0,0,0,0,0,0,0,0,0,0,0,0,72,0,0,0,0,0,0,0,0,0,0,0,0,0,0,0,0,0,0,0,0,0,0,0,0,0,0,0,0,0,0,0,0,0,0,0,0,0,0,0,0,0,0,0,0,0
ARTHROPODA,Trichoptera,Ecnomidae,0,0,0,0,0,0,0,0,0,0,0,0,0,0,0,0,0,0,0,0,0,0,0,0,0,0,0,0,0,0,0,0,0,0,0,0,0,0,0,0,0,0,0,0,0,0,0,0,0,0,0,0,0,0,0,0,0,0,0,0,0,0,0,0,0,0,0,0,0,0,0,0,0,0,0,0,0,0,0,0,0,0,0,0,0,0,0,0,0,0,0,0,0,0,0,0,0,0,0,0
ARTHROPODA,Trichoptera,Glossosomatidae,1,0,0,0,0,0,0,0,0,0,0,0,0,0,0,0,0,0,0,0,0,0,0,0,0,0,0,0,0,0,0,0,0,0,0,0,0,0,0,0,0,0,0,0,0,0,0,0,0,0,0,0,0,0,0,0,0,0,0,0,0,0,0,0,0,0,0,0,0,0,0,0,0,0,0,0,0,0,0,0,0,0,0,0,0,0,0,0,0,0,0,0,0,0,0,0,0,0,0,0
ARTHROPODA,Trichoptera,Goeridae,18,0,0,0,0,0,0,0,0,0,0,0,0,16,1,1,28,0,0,0,0,0,0,0,0,0,0,0,8,0,0,0,0,1,0,0,0,0,0,0,0,0,0,0,0,0,0,23,0,0,0,0,0,0,0,17,0,0,7,0,0,0,0,0,0,0,0,3,0,0,0,0,0,0,0,2,5,6,0,0,0,0,0,0,0,0,0,0,0,0,0,0,0,0,0,0,0,0,0,0
ARTHROPODA,Trichoptera,Helicopsychidae,0,0,0,0,0,0,0,0,0,0,0,0,0,0,0,0,0,0,0,0,0,0,0,0,0,0,0,0,0,0,0,0,0,0,0,0,0,0,0,0,0,0,0,0,0,0,0,0,0,0,0,0,0,0,0,0,0,0,0,0,0,0,0,0,0,0,0,0,0,0,0,0,0,0,0,0,0,0,0,0,0,0,0,0,0,0,0,0,0,0,0,0,0,0,0,0,0,0,0,0
ARTHROPODA,Trichoptera,Hydropsychidae,27,28,8,30,0,1,25,3,23,225,2,9,9,28,1,66,0,0,7,0,45,0,0,0,1,0,1,29,10,4,2,4,41,0,1,0,0,0,0,0,0,0,0,19,14,0,50,23,8,4,8,0,0,2,1,14,90,7,1,3,0,75,0,0,0,2,82,2,8,0,0,0,0,3,0,80,2,0,0,5,0,0,0,0,0,0,27,0,0,0,12,0,11,39,0,64,35,0,4,1
ARTHROPODA,Trichoptera,Hydroptilidae,4,1,0,0,1,14,169,0,0,0,0,0,0,0,0,0,0,0,73,0,0,0,0,0,12,0,0,0,0,0,0,0,0,0,0,0,0,0,0,0,0,0,0,0,5,45,5,1,0,2,0,2,0,2,0,14,9,24,5,0,0,290,0,175,0,1,0,140,4,0,0,0,0,1,5,3,4,0,0,0,0,0,0,0,0,0,0,0,0,0,1,0,0,26,0,70,95,0,1,0
ARTHROPODA,Trichoptera,Lepidostomatidae,0,0,0,0,0,0,0,0,0,0,0,0,2,0,0,0,0,0,0,0,0,0,0,0,0,0,0,0,0,0,0,0,0,0,0,0,0,0,0,0,0,0,0,0,0,0,0,0,0,0,0,0,0,0,0,0,0,0,0,0,0,0,0,0,0,0,0,0,0,0,0,0,0,0,0,0,0,0,0,0,0,0,0,0,0,0,0,0,0,0,0,0,1,0,0,0,0,0,0,0
ARTHROPODA,Trichoptera,Leptoceridae,0,19,0,1,0,0,23,0,0,0,0,0,0,0,0,0,6,0,0,0,0,0,0,0,0,0,0,0,0,0,0,0,0,1,0,0,0,0,0,0,0,0,0,0,0,0,0,3,0,0,0,0,0,0,0,0,0,0,0,0,0,0,5,0,0,0,0,0,0,0,0,0,0,0,0,23,0,0,0,0,0,0,0,0,1,0,0,0,0,0,0,0,5,0,0,0,4,0,0,0
ARTHROPODA,Trichoptera,Limnephilidae,1,0,12,1,0,1,0,13,17,0,17,1,0,8,9,0,54,0,2,4,4,2,17,0,1,0,2,5,2,9,34,0,1,0,0,4,0,5,0,2,19,1,1,8,2,3,2,0,3,1,2,2,2,13,0,3,3,3,15,0,5,5,3,5,4,0,1,0,0,1,0,27,1,4,0,0,3,5,0,4,0,2,19,5,2,0,3,18,5,0,4,0,0,0,0,12,1,0,6,5
ARTHROPODA,Trichoptera,Molannidae,0,0,0,0,0,0,0,0,0,0,0,0,0,0,0,0,0,0,0,0,0,0,0,0,0,0,0,0,0,0,0,0,0,0,0,0,0,0,0,0,0,0,0,0,0,0,0,0,0,0,0,0,0,0,0,0,0,0,0,0,0,0,0,0,0,0,0,0,0,0,0,0,0,0,0,0,0,0,0,0,0,0,0,0,0,0,0,0,0,0,0,0,0,0,0,0,0,0,0,0
ARTHROPODA,Trichoptera,Odontoceridae,3,0,4,0,0,0,0,4,1,1,3,0,2,18,0,2,0,0,7,4,7,0,2,0,1,0,0,0,0,0,3,0,0,0,0,1,0,0,0,0,0,0,0,6,4,1,0,0,0,0,0,0,0,4,1,0,0,0,29,0,0,0,2,0,0,0,15,2,0,0,0,2,0,0,0,1,0,0,0,2,0,0,0,0,0,0,0,0,1,0,0,0,3,4,0,4,0,0,7,2
ARTHROPODA,Trichoptera,Philopotamidae,0,0,5,0,0,0,0,0,0,167,0,0,1,0,0,0,0,0,0,0,18,0,0,0,0,0,0,0,0,5,0,0,0,0,0,0,0,0,0,0,0,0,0,0,0,0,0,0,0,1,0,0,0,0,0,2,0,0,0,0,0,0,0,0,0,0,43,0,0,0,0,0,0,0,0,0,0,0,0,0,0,0,0,0,0,0,8,0,0,0,4,0,0,0,0,3,0,0,0,0
ARTHROPODA,Trichoptera,Phryganeidae,0,0,0,0,0,0,0,0,0,0,0,0,0,0,0,0,0,0,0,0,0,0,0,0,0,0,0,0,0,0,0,0,0,0,0,0,0,0,0,0,0,0,0,0,0,0,0,0,0,0,0,0,0,0,0,0,0,0,0,0,0,0,0,0,0,0,0,0,0,0,0,0,0,0,0,0,0,0,0,0,0,0,0,0,0,0,0,0,0,0,0,0,0,0,0,0,0,0,0,0
ARTHROPODA,Trichoptera,Polycentropodidae,0,0,0,0,1,0,9,0,0,0,0,0,8,0,0,0,0,0,0,0,0,0,0,0,0,1,0,0,0,0,0,0,0,0,0,0,0,0,0,0,0,0,0,0,0,0,0,0,0,1,18,0,7,1,0,6,0,0,0,0,0,0,0,0,2,0,0,0,0,0,0,1,13,0,0,0,12,0,0,0,0,0,0,0,0,1,0,0,0,0,0,0,5,0,0,0,1,0,15,1
ARTHROPODA,Trichoptera,Psychomyiidae,0,0,0,0,0,1,0,0,0,0,0,0,0,0,1,0,0,0,1,0,0,0,4,0,0,0,0,1,0,0,0,6,0,1,0,0,0,0,0,0,0,0,0,0,0,0,0,11,0,0,0,0,1,0,0,2,0,12,0,0,0,0,15,0,0,0,0,0,0,0,0,0,0,0,0,1,5,0,0,0,0,0,2,0,2,33,0,0,0,0,0,0,0,0,0,0,0,0,2,0
ARTHROPODA,Trichoptera,Ptilocolepidae,0,0,0,0,0,0,0,0,0,0,0,0,0,0,0,0,0,0,0,0,0,0,0,0,0,0,0,0,0,0,0,0,0,0,0,0,0,0,0,0,0,0,0,0,0,0,0,0,0,0,0,0,0,0,0,0,0,0,0,0,0,0,0,0,0,0,0,0,0,0,0,0,0,0,0,0,0,0,0,0,0,0,0,0,0,0,0,0,0,0,0,0,0,0,0,0,0,0,0,0
ARTHROPODA,Trichoptera,Rhyacophilidae,15,0,33,2,2,8,10,2,5,49,7,6,6,30,2,10,0,0,9,3,4,10,13,0,1,1,3,35,14,14,1,27,32,0,1,0,0,4,0,0,92,3,2,21,36,0,26,0,9,11,10,0,0,0,5,6,1,3,2,34,0,0,1,0,1,4,7,2,1,0,0,0,3,0,0,0,2,2,17,9,0,0,16,0,3,0,13,0,2,0,15,0,1,8,0,103,9,0,30,0
ARTHROPODA,Trichoptera,Sericostomatidae,0,0,5,0,0,0,1,0,0,1,0,0,12,0,1,0,0,0,0,3,3,0,0,0,0,3,1,2,2,2,2,0,1,0,0,0,0,0,0,0,0,0,0,2,0,0,3,0,1,0,0,0,0,0,0,0,1,0,0,0,0,0,1,0,1,0,3,0,1,0,0,0,0,0,0,0,0,0,0,0,0,0,0,0,0,0,2,0,1,0,0,0,0,2,0,2,0,0,1,0
ARTHROPODA,Lepidoptera,Lepidoptera,0,0,0,0,0,0,0,0,0,0,0,0,0,0,0,0,0,0,0,0,0,0,0,0,0,0,0,0,0,0,0,0,0,0,0,0,0,0,0,0,0,0,0,0,0,0,0,0,0,0,0,0,0,0,0,0,0,0,0,0,0,0,0,0,0,0,0,0,0,0,0,0,0,0,0,0,0,0,0,0,0,0,0,0,0,0,0,0,0,0,0,0,0,0,0,0,0,0,0,0
ARTHROPODA,Diptera,Anthomyiidae/Muscidae,0,1,0,0,0,0,9,1,0,0,0,0,0,0,47,0,0,0,0,0,0,0,0,0,0,0,1,0,0,26,1,2,0,0,0,0,0,0,0,0,0,0,0,0,0,1,0,0,0,0,0,0,0,1,0,0,0,0,0,6,0,0,0,129,0,0,0,0,0,0,0,0,0,0,0,0,0,0,0,0,0,0,0,0,0,0,0,0,0,2,0,0,0,0,0,0,9,1,0,0
ARTHROPODA,Diptera,Athericidae,0,0,4,0,0,0,0,0,3,0,4,4,9,30,0,0,0,0,0,13,0,1,0,0,0,0,0,0,0,0,5,13,0,0,0,0,0,1,0,0,15,1,0,0,3,0,3,0,0,0,0,0,0,0,0,2,4,0,0,0,0,0,0,0,0,0,1,0,1,0,0,12,0,0,0,0,0,0,59,5,0,0,0,0,0,0,18,0,2,0,24,0,15,8,0,12,8,0,6,0
ARTHROPODA,Diptera,Blephariceridae,0,0,0,0,0,0,0,0,0,0,0,0,0,0,0,0,0,0,0,0,0,0,0,0,0,0,0,0,0,0,0,0,0,0,0,0,0,0,0,0,0,2,0,0,0,0,0,0,0,0,0,0,0,0,0,0,0,0,0,0,0,0,0,0,0,0,0,0,0,0,0,0,0,0,0,0,0,0,6,0,0,0,0,0,0,0,0,0,0,0,0,0,0,0,0,0,0,0,0,0
ARTHROPODA,Diptera,Ceratopogonidae,3,1,0,0,1,0,3,0,0,4,0,1,3,1,0,1,12,0,29,1,1,0,0,4,1,0,0,2,1,2,0,9,1,2,1,0,0,0,0,0,0,0,1,2,1,5,1,1,1,0,10,9,7,1,37,0,5,47,18,0,1,0,0,25,0,0,0,10,3,0,0,1,1,0,1,0,0,0,0,0,0,2,0,0,1,1,26,0,0,0,8,0,2,4,0,7,5,0,75,2
ARTHROPODA,Diptera,Chaoboridae,0,0,0,0,0,0,0,0,0,0,0,0,0,0,0,0,0,0,0,0,0,0,0,0,0,0,0,0,0,0,0,0,0,0,0,0,0,0,0,0,0,0,0,0,0,0,0,0,0,0,0,0,0,0,0,0,0,0,0,0,0,0,0,0,0,0,0,0,0,0,0,0,0,0,0,0,0,0,0,0,0,0,0,0,0,0,0,0,0,0,0,0,0,0,0,0,0,0,0,0
ARTHROPODA,Diptera,Chironomidae,600,120,118,155,60,120,1418,71,52,200,37,37,117,295,53,657,395,400,757,79,151,120,83,154,152,130,18,658,1490,23,910,388,56,190,41,6,0,198,3,296,339,3,649,225,575,314,688,7,672,212,134,776,360,152,192,487,67,2670,47,349,290,142,255,1243,325,48,446,750,141,101,0,116,57,75,421,69,159,109,52,33,615,200,359,79,335,49,340,284,6,325,250,278,428,480,0,1250,750,6,350,179
ARTHROPODA,Diptera,Culicidae,0,0,0,0,0,0,0,0,0,0,0,0,0,0,0,0,0,9,0,0,0,0,0,3,0,0,0,0,0,0,0,0,0,0,0,0,0,0,0,0,0,0,0,0,0,10,0,0,0,0,0,0,0,5,0,0,0,0,0,0,0,0,0,0,0,0,0,0,0,0,0,0,0,0,0,0,0,0,0,0,2,0,0,0,0,0,0,0,0,0,0,0,2,0,0,0,0,1,0,0
ARTHROPODA,Diptera,Cylindrotomidae,0,0,0,0,0,0,0,0,0,0,0,0,0,0,0,0,0,0,0,0,0,0,0,0,0,0,0,0,0,0,0,0,0,0,0,0,0,0,0,0,0,0,0,0,0,0,0,0,0,0,1,0,0,0,0,0,0,0,0,0,0,0,0,0,0,0,0,0,0,0,0,0,0,0,0,0,0,0,0,0,0,0,0,0,0,0,0,0,0,0,0,0,0,0,0,0,0,0,0,0
ARTHROPODA,Diptera,Dixidae,0,16,17,2,1,0,10,2,4,8,7,2,23,0,0,0,3,0,4,5,0,0,0,0,0,3,0,0,0,1,4,0,0,0,0,0,0,0,0,0,3,0,0,0,0,7,0,1,0,0,0,0,0,1,0,6,0,0,0,0,7,0,16,5,0,1,0,0,1,0,0,3,1,0,0,0,0,0,2,0,0,0,0,0,0,0,2,0,0,0,2,0,0,4,0,9,12,0,23,0
ARTHROPODA,Diptera,Dolichopodidae,0,0,0,0,0,0,0,0,0,0,0,0,0,0,0,0,0,0,0,0,0,0,0,0,0,0,0,0,0,1,0,0,0,0,0,0,0,0,0,0,0,0,0,0,0,0,0,0,0,0,0,0,0,0,0,0,0,0,0,0,0,0,0,1,0,0,0,0,0,0,0,0,0,0,0,0,0,0,0,0,0,0,0,0,0,0,0,0,0,0,0,0,0,0,0,0,0,0,0,0
ARTHROPODA,Diptera,Empididae,0,1,13,7,4,0,5,0,0,6,0,1,2,1,0,2,0,0,3,1,3,0,2,0,4,0,2,29,3,1,0,5,1,0,2,0,0,0,0,0,3,0,0,8,9,0,14,0,3,2,0,0,13,0,0,9,1,4,6,0,0,0,0,3,3,0,4,20,0,7,0,0,0,0,0,0,6,3,1,3,0,0,4,1,3,27,1,6,1,4,0,0,4,2,0,12,11,0,13,0
ARTHROPODA,Diptera,Ephydridae,0,0,0,0,0,0,0,0,0,0,0,0,0,0,0,0,0,0,0,0,0,0,0,0,0,0,0,0,0,0,0,0,0,0,0,0,0,0,0,1,0,0,0,0,0,0,0,0,0,0,0,0,0,0,0,0,0,0,0,0,6,1,0,0,0,0,0,0,0,0,0,0,0,0,0,0,0,0,0,0,0,0,0,0,0,0,0,0,0,0,0,0,0,0,0,0,0,0,0,0
ARTHROPODA,Diptera,Limoniidae/Pedicidae,9,5,30,5,5,30,19,39,12,52,17,1,36,11,20,20,5,0,22,36,2,42,3,0,7,18,10,6,14,27,7,2,34,0,1,3,0,1,0,6,8,6,0,16,4,10,78,1,43,53,12,10,5,4,9,20,16,6,28,7,3,9,1,1,2,2,2,3,7,0,0,4,10,2,0,0,3,0,23,11,0,65,16,100,0,19,4,10,0,0,2,57,4,6,0,140,32,0,29,2
ARTHROPODA,Diptera,Psychodidae,2,5,12,2,6,0,6,0,3,0,0,0,25,14,0,1,24,0,0,0,1,0,2,2,3,2,4,3,0,2,0,2,0,0,2,0,0,1,0,0,47,0,0,1,0,0,0,0,2,7,0,2,1,4,3,11,1,2,26,36,0,1,17,0,0,1,2,5,1,2,0,0,1,0,0,0,0,0,0,0,0,1,0,0,8,0,0,1,0,2,1,5,1,4,0,0,10,0,9,0
ARTHROPODA,Diptera,Ptychopteridae,0,0,2,0,0,0,0,0,0,0,0,0,35,0,0,0,0,0,0,0,0,0,0,0,0,17,4,0,0,0,1,0,0,0,0,0,0,0,0,0,0,0,0,0,0,0,0,0,0,0,0,0,0,0,0,0,0,0,0,0,0,0,0,9,0,0,9,0,0,0,0,0,0,0,0,0,0,0,0,0,0,0,0,0,0,0,0,0,0,0,0,0,0,0,0,0,0,0,0,12
ARTHROPODA,Diptera,Rhagionidae,0,0,0,0,0,0,0,0,0,0,0,0,0,0,0,0,0,0,0,0,0,0,0,0,0,0,0,0,0,1,0,0,0,0,0,0,0,0,0,0,0,0,0,0,0,0,0,0,0,0,0,0,0,0,0,0,0,0,0,0,0,0,0,0,0,0,0,0,0,0,0,0,0,0,0,0,0,0,0,0,0,0,0,0,0,0,0,0,0,0,0,0,0,0,0,0,0,0,0,0
ARTHROPODA,Diptera,Scatophagidae,0,0,0,0,0,0,0,0,0,0,0,0,0,0,0,0,0,0,0,0,0,0,0,0,0,0,0,0,0,0,0,0,0,0,0,0,0,0,0,0,0,0,0,0,0,0,0,0,0,0,0,0,0,0,0,0,0,0,0,0,0,0,0,0,0,0,0,0,0,0,0,0,0,0,0,0,0,0,0,0,0,0,0,0,0,0,0,0,0,0,0,0,0,0,0,0,0,0,0,0
ARTHROPODA,Diptera,Sciomyzidae,0,0,0,0,0,0,0,0,0,0,0,0,0,0,0,0,0,0,0,0,0,0,0,4,0,0,0,0,0,0,0,0,0,0,0,0,0,0,0,0,0,0,0,0,0,0,0,0,0,0,0,0,0,0,0,0,0,0,0,0,0,0,0,0,0,0,0,0,0,0,0,0,0,0,0,0,0,0,0,0,0,0,0,0,0,0,0,0,0,0,0,0,0,0,0,0,0,0,0,0
ARTHROPODA,Diptera,Simuliidae,265,35,85,8,74,177,28,13,1,13,126,37,42,146,0,15,16,0,949,44,3,135,36,17,2,40,0,22,76,0,37,105,24,0,51,42,0,0,10,23,62,11,2,376,401,2,17,180,658,32,91,338,14,2,55,65,57,45,17,180,0,1390,10,0,270,8,67,275,4,11,0,0,0,3,0,12,21,5,83,70,1,33,37,245,18,3,13,210,1,201,90,8,0,616,0,200,140,0,5,0
ARTHROPODA,Diptera,Stratiomyidae,0,0,0,0,0,1,0,0,0,0,0,2,0,0,0,0,3,1,0,0,0,0,4,0,0,3,0,0,0,0,0,0,2,0,0,0,0,10,0,0,2,0,0,0,0,0,2,0,0,3,0,0,1,4,0,2,0,0,0,0,0,1,1,0,0,0,1,0,0,0,0,0,0,0,0,0,0,0,1,0,0,0,1,0,0,0,0,0,0,1,2,0,0,0,0,1,0,0,0,0
ARTHROPODA,Diptera,Syrphidae,0,0,0,0,0,0,0,0,0,0,0,0,0,0,0,0,0,0,0,0,0,0,0,0,0,0,0,0,0,0,0,0,0,0,0,0,0,0,0,0,0,0,0,0,0,0,0,0,0,0,0,0,0,0,0,0,0,0,0,0,16,0,0,0,0,0,0,0,0,0,0,0,0,0,0,0,0,0,0,0,0,0,0,0,0,0,0,0,0,0,0,0,0,0,0,0,0,0,0,0
ARTHROPODA,Diptera,Tabanidae,0,0,0,0,0,0,0,0,0,0,0,0,0,0,0,0,0,0,0,0,0,0,0,0,0,2,0,0,1,0,0,0,0,0,0,0,0,0,0,9,0,0,0,1,0,0,0,0,2,0,0,0,0,0,0,0,0,0,0,0,1,14,10,1,0,0,0,0,0,0,0,0,0,0,0,0,6,0,0,0,0,0,0,0,0,0,0,0,0,0,0,0,0,0,0,0,0,0,1,0
ARTHROPODA,Diptera,Thaumaleidae,0,0,0,0,0,0,0,0,0,0,0,0,0,0,0,0,0,0,0,0,0,0,0,0,0,0,0,0,0,0,0,0,0,0,0,0,0,0,0,0,0,0,0,0,0,0,0,0,0,0,0,0,0,0,0,0,0,0,0,0,0,0,0,0,0,0,0,0,0,0,0,0,0,0,0,0,0,0,0,0,0,0,0,0,0,0,0,0,0,0,3,0,0,0,0,0,0,0,0,0
ARTHROPODA,Diptera,Tipulidae,0,0,0,1,1,1,2,0,0,0,0,0,1,1,0,0,0,0,1,0,0,0,0,0,0,0,0,1,0,19,1,0,2,0,2,0,0,2,0,6,8,1,0,0,0,0,1,1,0,0,1,27,0,6,0,2,0,2,2,0,0,6,0,15,0,0,0,1,0,0,0,0,0,0,0,0,1,0,4,0,0,0,0,0,0,1,1,0,0,0,0,0,1,0,0,0,2,0,0,0
