group_1,group_2,taxon,Spez_001_AG,Spez_002_AG,Spez_003_AG,Spez_004_AG,Spez_005_AG,Spez_006_AG,Spez_007_AG,Spez_008_AI,Spez_009_AI,Spez_010_AR,Spez_011_AR,Spez_012_BE,Spez_013_BE,Spez_014_BE,Spez_015_BE,Spez_016_BE,Spez_017_BE,Spez_018_BE,Spez_019_BE,Spez_020_BE,Spez_021_BE,Spez_022_BE,Spez_023_BE,Spez_024_BL,Spez_025_BL,Spez_026_BS,Spez_027_FR,Spez_028_FR,Spez_029_FR,Spez_030_FR,Spez_031_FR,Spez_032_FR,Spez_033_FR,Spez_034_GE,Spez_035_GE,Spez_036_GL,Spez_037_GL,Spez_038_GR,Spez_039_GR,Spez_040_GR,Spez_041_GR,Spez_042_GR,Spez_043_JU,Spez_044_JU,Spez_045_JU,Spez_046_LU,Spez_047_LU,Spez_048_LU,Spez_049_LU,Spez_050_LU,Spez_051_LU,Spez_052_NE,Spez_053_NE,Spez_054_NW,Spez_055_OW,Spez_056_OW,Spez_057_SG,Spez_058_SG,Spez_059_SG,Spez_060_SG,Spez_061_SG,Spez_062_SH,Spez_063_SH,Spez_064_SH,Spez_065_SO,Spez_066_SO,Spez_067_SO,Spez_068_SZ,Spez_069_SZ,Spez_070_ZH,Spez_071_TG,Spez_072_TG,Spez_073_TG,Spez_074_TI,Spez_075_TI,Spez_076_TI,Spez_077_TI,Spez_078_UR,Spez_079_UR,Spez_080_VD,Spez_081_VD,Spez_082_VD,Spez_083_VD,Spez_084_VD,Spez_085_VD,Spez_086_VD,Spez_087_VD,Spez_088_VS,Spez_089_VS,Spez_090_VS,Spez_091_VS,Spez_092_VS,Spez_093_ZG,Spez_094_ZG,Spez_095_ZH,Spez_096_ZH,Spez_097_ZH,Spez_098_ZH,Spez_099_ZH,Spez_100_ZH
PORIFERA,PORIFERA,PORIFERA,0,0,0,0,0,0,0,0,0,0,0,0,0,0,0,0,0,0,0,0,0,0,0,0,0,0,0,0,0,0,0,0,0,0,0,0,0,0,0,0,0,0,0,0,0,0,0,0,0,0,0,0,0,0,0,0,0,0,0,0,0,0,0,0,0,0,0,0,0,0,0,0,0,0,0,0,0,0,0,0,0,0,0,0,0,0,0,0,0,0,0,0,0,0,0,0,0,0,0,0
CNIDARIA,CNIDARIA,CNIDARIA,0,0,0,0,0,0,0,0,0,0,0,0,0,0,0,0,0,0,0,0,0,0,0,0,0,0,0,5,0,0,0,0,1,0,0,0,0,0,0,0,0,0,0,0,0,0,0,0,0,0,0,0,0,0,0,0,0,0,0,0,0,0,0,0,0,0,0,0,0,0,0,0,0,0,0,0,0,0,0,0,0,0,0,0,0,0,0,0,0,0,0,0,0,0,0,0,0,0,0,0
BRYOZOA,BRYOZOA,BRYOZOA,0,0,0,0,0,0,0,0,0,0,0,0,0,0,0,0,0,0,0,0,0,0,0,0,0,0,0,0,0,0,0,0,0,0,0,0,0,0,0,0,0,0,0,0,0,0,0,0,0,0,0,0,0,0,0,0,0,0,0,0,0,0,0,0,0,0,0,0,0,0,0,0,0,0,0,0,0,0,0,0,0,0,0,0,0,0,0,0,0,0,0,0,0,0,0,0,0,0,0,0
PLATYHELMINTHES,PLATYHELMINTHES,Dendrocoelidae,0,0,0,0,0,0,0,0,0,0,0,0,0,0,0,0,0,0,0,0,0,0,0,0,0,0,0,0,0,0,0,0,0,0,0,0,0,0,0,0,0,0,0,0,0,0,0,0,0,0,0,0,0,0,0,0,0,1,0,0,0,0,0,0,0,0,0,0,0,0,0,0,0,0,0,0,0,0,0,0,0,0,0,0,0,0,0,0,0,0,0,0,0,0,0,0,0,0,0,0
PLATYHELMINTHES,PLATYHELMINTHES,Dugesiidae,0,10,25,0,2,0,2,12,0,0,0,0,0,0,0,0,0,0,0,0,0,0,0,0,3,5,1,0,0,7,6,0,0,1,0,0,0,0,0,0,0,0,1,11,3,0,0,0,4,0,0,2,2,0,0,0,1,1,0,0,1,33,7,15,0,6,0,9,0,0,0,0,0,0,0,0,0,0,0,0,3,0,0,0,0,2,11,0,0,0,0,0,1,9,23,0,0,0,0,0
PLATYHELMINTHES,PLATYHELMINTHES,Planariidae,0,0,4,0,1,0,0,0,0,0,0,0,17,42,0,0,18,0,0,35,4,1,5,16,0,0,7,7,26,1,0,1,0,0,0,7,31,20,0,2,20,0,0,1,0,0,0,1,11,0,0,0,0,0,12,0,9,1,1,0,0,0,6,0,0,0,7,0,0,0,0,0,0,0,0,0,0,0,0,1,1,0,1,0,3,8,1,9,0,0,11,0,11,0,0,0,0,0,0,0
NEMATHELMINTHES,NEMATHELMINTHES,NEMATHELMINTHES,0,3,0,0,2,0,1,2,1,1,23,0,0,3,0,0,0,0,0,0,0,0,5,0,3,0,0,2,1,0,1,1,1,0,0,16,15,0,0,0,0,0,15,7,1,1,2,0,5,3,0,7,2,0,2,0,13,0,0,0,0,1,0,0,2,0,0,5,0,0,0,1,0,4,0,0,0,0,0,3,0,0,0,0,0,2,1,2,0,0,0,1,0,0,0,1,0,0,0,0
ANNELIDA,Hirudinea,Erpobdellidae,4,0,0,1,0,0,0,0,0,0,0,0,0,0,0,0,2,0,0,0,0,0,0,4,0,0,0,0,0,0,0,0,0,0,0,0,0,0,0,0,0,0,0,0,0,0,0,1,0,0,1,22,0,0,0,0,19,14,0,0,1,5,0,0,2,0,0,0,0,5,2,1,1,0,0,0,0,1,0,0,3,0,0,1,0,0,0,0,0,0,0,0,0,0,3,0,0,1,2,0
ANNELIDA,Hirudinea,Glossiphoniidae,0,0,0,0,0,0,0,0,0,0,0,0,0,0,0,0,5,0,0,0,0,0,0,0,0,0,0,0,0,0,0,0,0,0,0,0,0,0,0,0,0,0,0,0,0,0,0,0,0,0,0,12,0,0,0,0,0,4,0,0,2,1,0,0,0,0,0,0,0,0,1,0,0,0,0,0,0,0,0,0,4,0,0,0,0,0,0,3,0,0,0,0,0,0,0,0,0,0,0,0
ANNELIDA,Hirudinea,Hirudidae (Tachet),0,0,0,0,0,0,0,0,0,0,0,0,0,0,0,0,0,0,0,0,0,0,0,0,0,0,0,0,0,0,0,0,0,0,0,0,0,0,0,0,0,0,0,0,0,0,0,0,0,0,0,0,0,0,0,0,0,0,0,0,0,0,0,0,0,0,0,0,0,0,0,0,0,0,0,0,0,0,0,0,0,0,0,0,0,0,0,0,0,0,0,0,0,0,0,0,0,0,0,0
ANNELIDA,Hirudinea,Piscicolidae,0,0,0,0,0,0,0,0,0,0,0,0,0,0,0,0,0,0,0,0,0,0,0,0,0,0,0,0,0,0,0,0,0,0,0,3,0,0,0,0,0,0,0,0,0,0,0,0,0,0,0,0,0,0,0,0,1,0,0,0,0,0,0,0,0,0,0,0,0,0,0,0,0,0,0,0,0,0,0,0,0,0,0,0,0,0,0,2,0,0,0,0,0,0,0,0,0,0,0,0
ANNELIDA,Oligochaeta,Oligochaeta,13,28,17,30,42,6,52,700,11,11,70,4,3,253,74,11,1530,49,101,2,10,6,190,21,2448,7,16,115,14,4,46,52,19,95,5,250,150,30,0,8,200,1,1919,454,46,112,22,20,46,28,9,460,39,150,830,10,350,30,4,2,8,62,6,9,63,520,25,150,15,35,14,16,15,40,64,17,59,0,6,16,1001,180,55,30,34,51,26,101,50,66,51,613,120,3,17,11,6,62,3,21
MOLLUSCA,Gastropoda,Acroloxidae,0,0,0,0,0,0,0,0,0,0,0,0,0,0,0,0,0,0,0,0,0,0,0,0,0,0,0,0,0,0,0,0,0,0,0,0,0,0,0,0,0,0,0,0,0,0,0,0,0,0,0,0,0,0,0,0,0,0,0,0,0,0,0,0,0,0,0,0,0,0,0,0,0,0,0,0,0,0,0,0,0,0,0,0,0,0,0,0,0,0,0,0,0,0,0,0,0,0,0,0
MOLLUSCA,Gastropoda,Ancylidae (Tachet),0,0,0,0,0,0,0,0,0,0,0,0,0,0,0,0,0,0,0,0,0,0,0,0,0,0,0,0,0,0,0,1,0,0,0,1,15,0,0,0,0,0,0,0,0,0,0,0,0,0,5,0,0,0,0,0,2,0,0,0,0,0,0,0,0,0,0,0,0,0,0,0,0,1,0,0,0,6,0,0,0,0,0,0,0,0,0,0,0,0,0,1,0,0,0,0,0,0,0,0
MOLLUSCA,Gastropoda,Bithyniidae,0,0,0,0,0,0,0,0,0,0,0,0,0,0,0,0,0,0,0,0,0,0,0,0,0,0,0,0,0,0,0,0,0,0,0,0,0,0,0,0,0,0,0,0,0,0,0,0,0,0,0,0,0,0,0,0,0,0,0,0,0,0,0,0,0,0,0,0,0,0,0,0,0,0,0,0,0,0,0,0,0,0,0,0,0,0,0,0,0,0,0,0,0,0,2,0,0,5,0,0
MOLLUSCA,Gastropoda,Ferrissiidae (Tachet),0,0,0,0,0,0,0,0,0,0,0,0,0,0,0,0,0,0,0,0,0,0,0,0,0,0,0,0,0,0,0,0,0,0,0,0,0,0,0,0,0,0,0,0,0,0,0,0,0,0,0,0,0,0,0,0,0,0,0,0,0,0,0,0,0,0,0,0,0,0,0,0,0,0,0,0,0,0,0,0,0,0,0,0,0,0,0,0,0,0,0,0,0,0,0,0,0,0,0,0
MOLLUSCA,Gastropoda,Hydrobiidae,2,0,0,3,0,0,0,0,0,0,0,0,0,0,0,0,0,0,0,0,0,0,0,0,0,0,0,3,0,0,0,0,1,56,10,0,0,0,0,0,0,0,0,0,0,0,0,0,0,0,0,0,0,0,0,0,0,0,0,0,0,29,0,0,1,0,0,0,0,0,0,0,0,0,0,3,1,0,0,0,18,0,0,7,0,0,0,0,0,0,0,0,2,0,1,0,0,0,0,0
MOLLUSCA,Gastropoda,Lymnaeidae,0,0,0,0,0,0,0,0,0,0,0,0,0,0,0,0,0,0,1,0,0,0,0,172,0,0,0,0,0,0,0,0,0,0,0,1,0,0,0,0,1,0,0,0,0,0,0,0,2,0,0,1,3,7,0,0,4,0,0,0,4,31,0,0,1,0,0,1,0,0,0,3,1,0,0,0,0,0,0,0,2,0,0,0,1,1,0,51,0,0,0,0,0,0,0,6,0,0,0,0
MOLLUSCA,Gastropoda,Neritidae,0,0,0,0,0,0,0,0,0,0,0,0,0,0,0,0,0,0,0,0,0,0,0,0,0,0,0,0,0,0,0,0,0,0,0,0,0,0,0,0,0,0,0,0,0,0,0,0,0,0,0,0,0,0,0,0,0,0,0,0,0,0,0,0,0,0,0,0,0,0,0,0,0,0,0,0,0,0,0,0,0,0,0,0,0,0,0,0,0,0,0,0,0,0,0,0,0,0,0,0
MOLLUSCA,Gastropoda,Physidae,0,0,0,0,4,0,0,0,0,0,0,0,0,0,0,0,0,0,0,0,0,0,0,0,0,0,0,0,0,0,0,0,0,0,0,0,0,0,0,0,0,0,0,0,0,4,0,1,0,0,0,0,0,0,0,0,0,0,0,0,0,13,0,2,0,0,0,0,0,0,0,0,0,0,0,0,0,3,0,0,0,0,0,0,0,0,0,0,0,0,0,0,0,0,0,0,0,0,0,0
MOLLUSCA,Gastropoda,Planorbidae,0,0,0,0,0,0,0,0,0,0,0,0,0,0,0,0,0,0,0,0,0,0,0,0,0,0,0,0,0,0,0,0,0,0,0,0,0,0,0,6,0,0,0,0,0,0,0,0,0,0,0,0,0,0,0,0,1,0,0,0,0,0,0,0,0,0,0,0,0,0,0,0,0,0,0,0,0,0,0,0,5,0,0,0,0,0,0,0,0,0,0,0,0,0,0,0,0,2,0,0
MOLLUSCA,Gastropoda,Valvatidae,0,0,0,0,0,0,0,0,0,0,0,0,0,0,0,0,0,0,0,0,0,0,0,0,0,0,0,0,0,0,0,0,0,0,0,0,0,0,0,0,0,0,0,0,0,0,0,0,0,0,0,0,0,0,0,0,0,0,0,0,0,0,0,0,0,0,0,0,0,0,0,0,0,0,0,0,0,0,0,0,0,0,0,0,0,0,0,0,0,0,0,0,0,0,0,0,0,0,0,0
MOLLUSCA,Gastropoda,Viviparidae,0,0,0,0,0,0,0,0,0,0,0,0,0,0,0,0,0,0,0,0,0,0,0,0,0,0,0,0,0,0,0,0,0,0,0,0,0,0,0,0,0,0,0,0,0,0,0,0,0,0,0,0,0,0,0,0,0,0,0,0,0,0,0,0,0,0,0,0,0,0,0,0,0,0,0,0,0,0,0,0,0,0,0,0,0,0,0,0,0,0,0,0,0,0,0,0,0,0,0,0
MOLLUSCA,Bivalvia,Corbiculidae*,0,0,0,0,0,0,0,0,0,0,0,0,0,0,0,0,0,0,0,0,0,0,0,0,0,0,0,0,0,0,0,0,0,0,0,0,0,0,0,0,0,0,0,0,0,0,0,0,0,0,0,0,0,0,0,0,0,0,0,0,0,0,0,0,0,0,0,0,0,0,0,0,0,0,0,0,0,0,0,0,0,0,0,0,0,0,0,0,0,0,0,0,0,0,0,0,0,2,0,0
MOLLUSCA,Bivalvia,Dreissenidae*,0,0,0,0,0,0,0,0,0,0,0,0,0,0,0,0,0,0,0,0,0,0,0,0,0,0,0,0,0,0,0,0,0,0,0,0,0,0,0,0,0,0,0,0,0,0,0,0,0,0,0,0,0,0,0,0,0,0,0,0,0,0,0,0,0,0,0,0,0,0,0,0,0,0,0,0,0,0,0,0,0,0,0,0,0,0,0,0,0,0,0,0,0,0,0,0,0,0,0,0
MOLLUSCA,Bivalvia,Sphaeriidae,3,1,22,0,0,0,9,24,0,0,1,1,26,2,0,10,22,5,10,5,0,0,19,105,2,0,0,58,20,3,6,2,3,5,4,16,0,0,0,0,0,0,37,1,2,0,0,0,2,0,0,3,2,4,0,0,42,81,0,0,15,111,0,0,0,0,1,25,0,1,4,0,1,0,2,1,0,3,0,0,51,77,2,5,3,11,0,51,0,0,0,28,0,0,9,0,1,2,7,2
MOLLUSCA,Bivalvia,Unionidae,0,0,0,0,0,0,0,0,0,0,0,0,0,0,0,0,0,0,0,0,0,0,0,0,0,0,0,0,0,0,0,0,0,0,0,0,0,0,0,0,0,0,0,0,0,0,0,0,0,0,0,0,0,0,0,0,0,0,0,0,0,0,0,0,0,0,0,0,0,0,0,0,0,0,0,0,0,0,0,0,0,0,0,0,0,0,0,0,0,0,0,0,0,0,0,0,0,0,0,0
ARTHROPODA,Arachnida (Inf.-Cl.) Acari,Hydracarina,6,28,1,2,15,1,56,6,1,0,9,5,2,19,1,11,2,0,101,3,3,0,13,1,38,1,2,25,10,1,0,8,3,0,0,120,5,0,0,0,19,0,11,73,8,6,15,0,22,7,0,20,7,12,8,0,9,32,5,2,0,12,7,84,1,15,29,30,10,2,0,35,4,15,2,34,0,0,0,0,0,0,0,0,17,9,2,23,0,0,0,0,44,5,0,11,0,0,0,3
ARTHROPODA,Branchiopoda,Branchiopoda,0,0,0,0,0,0,0,0,0,0,0,0,0,0,0,0,0,0,0,0,0,0,0,0,0,0,0,0,0,0,0,0,0,0,0,0,0,0,0,0,0,0,0,0,0,0,0,0,0,0,0,0,0,0,0,0,0,0,0,0,0,0,0,0,0,0,0,0,0,0,0,0,0,0,0,0,0,0,0,0,0,0,0,0,0,0,0,0,0,0,0,0,0,0,0,0,0,0,0,0
ARTHROPODA,Amphipoda,Corophiidae*,0,0,0,0,0,0,0,0,0,0,0,0,0,0,0,0,0,0,0,0,0,0,0,0,0,0,0,0,0,0,0,0,0,0,0,0,0,0,0,0,0,0,0,0,0,0,0,0,0,0,0,0,0,0,0,0,0,0,0,0,0,0,0,0,0,0,0,0,0,0,0,0,0,0,0,0,0,0,0,0,0,0,0,0,0,0,0,0,0,0,0,0,0,0,0,0,0,0,0,0
ARTHROPODA,Amphipoda,Gammaridae,240,324,1001,153,66,56,220,42,5,200,43,13,1330,530,177,101,2960,136,101,830,55,2,1180,0,266,400,402,220,101,84,101,42,220,27,101,1300,1300,0,0,14,0,0,324,488,327,9,100,44,118,9,0,1006,429,72,23,2,460,27,101,20,1001,0,888,1151,450,540,706,550,30,0,39,87,88,0,0,0,210,205,0,1100,0,39,115,31,101,101,0,26,0,0,0,270,230,0,0,3,24,0,38,604
ARTHROPODA,Amphipoda,Niphargidae,0,0,0,0,0,0,0,0,0,0,0,0,0,0,0,0,0,0,0,0,0,0,0,0,0,0,0,0,0,0,0,0,0,0,0,0,0,0,0,0,0,0,0,0,0,0,0,0,0,0,0,0,0,0,0,0,0,0,0,0,0,0,0,0,0,0,0,0,0,0,0,0,0,0,0,0,0,0,0,0,0,0,0,0,0,0,0,0,0,0,0,0,0,0,0,0,0,0,0,0
ARTHROPODA,Isopoda,Asellidae,0,0,0,0,7,0,0,0,0,0,0,0,0,0,0,0,0,134,1,0,0,0,0,19,0,0,0,0,0,0,0,0,0,3,0,14,0,0,0,0,0,0,72,0,0,1,1,2,0,0,1,57,0,0,0,0,380,63,0,0,1,0,0,0,0,0,0,0,0,1,3,0,0,0,6,148,0,15,0,0,51,0,0,0,0,8,0,24,0,0,0,0,0,0,8,0,0,26,1,3
ARTHROPODA,Isopoda,Janiridae*,0,0,0,0,0,0,0,0,0,0,0,0,0,0,0,0,0,0,0,0,0,0,0,0,0,0,0,0,0,0,0,0,0,0,0,0,0,0,0,0,0,0,0,0,0,0,0,0,0,0,0,0,0,0,0,0,0,0,0,0,0,0,0,0,0,0,0,0,0,0,0,0,0,0,0,0,0,0,0,0,0,0,0,0,0,0,0,0,0,0,0,0,0,0,0,0,0,0,0,0
ARTHROPODA,Mysida,Mysidae*,0,0,0,0,0,0,0,0,0,0,0,0,0,0,0,0,0,0,0,0,0,0,0,0,0,0,0,0,0,0,0,0,0,0,0,0,0,0,0,0,0,0,0,0,0,0,0,0,0,0,0,0,0,0,0,0,0,0,0,0,0,0,0,0,0,0,0,0,0,0,0,0,0,0,0,0,0,0,0,0,0,0,0,0,0,0,0,0,0,0,0,0,0,0,0,0,0,0,0,0
ARTHROPODA,Decapoda,Astacidae,0,0,0,0,0,0,0,0,0,0,0,0,0,0,0,0,0,0,0,0,0,0,0,0,0,0,0,0,0,0,0,0,0,0,0,0,0,0,0,0,0,0,0,0,0,0,0,0,0,0,0,0,0,0,0,0,0,0,0,0,0,0,0,0,0,0,0,0,0,0,0,0,1,0,0,0,0,0,0,0,0,0,0,0,0,0,0,0,0,0,0,0,0,0,0,0,0,0,0,0
ARTHROPODA,Decapoda,Cambaridae*,0,0,0,0,0,0,0,0,0,0,0,0,0,0,0,0,0,0,0,0,0,0,0,0,0,0,0,0,0,0,0,0,0,0,0,0,0,0,0,0,0,0,0,0,0,0,0,0,0,0,0,0,0,0,0,0,0,0,0,0,0,0,0,0,0,0,0,0,0,0,0,0,0,0,0,0,0,0,0,0,0,0,0,0,0,0,0,0,0,0,0,0,0,0,0,0,0,0,0,0
ARTHROPODA,Ephemeroptera,Ameletidae,0,0,0,0,0,0,0,0,0,0,0,0,0,0,0,0,0,0,0,0,0,0,0,0,0,0,0,0,0,0,0,0,0,0,0,0,0,0,0,0,0,0,0,0,0,0,0,0,0,0,0,0,0,0,0,0,0,0,0,0,0,0,0,0,0,0,0,0,0,0,0,0,0,0,0,0,0,0,0,0,0,0,0,0,0,0,0,0,0,0,0,0,0,0,0,0,0,0,0,0
ARTHROPODA,Ephemeroptera,Baetidae ,141,302,373,76,388,584,1045,2275,22,794,1450,291,147,250,281,166,2,3,2594,12,185,168,180,66,91,34,60,210,101,46,205,258,301,20,65,575,115,10,9,26,11,22,288,403,1267,482,328,45,183,344,126,207,37,1500,260,208,212,219,97,110,3,150,283,43,396,396,1242,1850,154,25,24,126,286,97,84,200,27,40,127,180,3,13,144,40,136,101,81,64,23,8,710,11,393,300,58,274,85,2,350,68
ARTHROPODA,Ephemeroptera,Caenidae,0,0,0,0,0,0,0,0,0,0,0,0,0,0,0,0,0,0,0,0,0,0,0,0,0,0,0,0,0,0,0,0,0,0,0,0,0,0,0,0,0,0,0,0,0,0,0,0,0,0,0,0,0,0,0,0,0,0,0,0,0,142,0,0,0,0,0,0,0,0,0,0,0,0,0,0,0,0,0,0,4,0,0,0,0,0,0,0,0,0,0,0,1,0,0,0,0,0,0,0
ARTHROPODA,Ephemeroptera,Ephemerellidae,8,14,9,40,0,0,1,0,0,1,0,0,0,140,0,0,0,0,0,0,0,0,1,0,0,0,0,0,7,10,0,0,0,0,0,46,65,0,0,0,0,0,0,242,12,0,4,0,0,0,0,0,0,0,22,0,0,0,1,0,0,0,0,0,2,0,8,19,0,0,0,0,0,0,0,2,3,0,0,0,0,0,0,0,0,0,0,0,0,0,0,0,0,0,0,0,0,0,0,0
ARTHROPODA,Ephemeroptera,Ephemeridae,13,25,3,1,0,0,28,0,0,0,0,2,0,3,0,0,0,0,0,0,0,0,0,0,0,0,0,1,1,1,1,0,0,0,0,3,0,0,0,0,0,0,0,25,8,2,1,0,15,1,0,0,0,0,0,1,0,0,1,0,0,0,5,0,0,0,2,0,0,0,0,18,13,0,0,0,0,0,0,1,0,0,0,0,0,0,0,0,0,0,0,0,10,5,0,21,1,0,1,4
ARTHROPODA,Ephemeroptera,Heptageniidae,76,22,118,1,0,0,3,92,54,53,39,52,130,133,4,2,0,0,0,110,180,106,18,0,3,0,4,4,1,24,101,1,37,1,0,0,10,0,0,9,0,8,0,57,118,3,58,0,24,8,0,0,3,20,51,26,0,0,0,0,0,0,58,0,43,27,550,0,73,0,0,3,78,30,0,0,0,0,57,14,0,5,27,0,0,0,59,0,16,0,2,0,9,69,0,32,8,0,42,9
ARTHROPODA,Ephemeroptera,Leptophlebiidae,0,337,0,54,0,0,55,175,7,0,5,23,0,1,4,0,0,0,51,2,120,0,1,0,20,0,0,5,1,5,130,16,0,0,0,79,0,0,0,0,0,0,0,74,936,8,1,0,18,76,1,0,16,110,16,35,0,2,0,0,0,9,98,0,9,0,331,11,82,0,191,31,69,34,0,0,0,0,1,0,0,10,0,0,0,0,29,0,0,0,0,0,34,68,0,54,4,0,34,12
ARTHROPODA,Ephemeroptera,Oligoneuriidae,0,0,0,0,0,0,0,0,0,0,0,0,0,0,0,0,0,0,0,0,0,0,0,0,0,0,0,0,0,0,0,0,0,0,0,0,0,0,0,0,0,0,0,0,0,0,0,0,0,0,0,0,0,0,0,0,0,0,0,0,0,0,0,0,0,0,0,0,0,0,0,0,0,0,0,0,0,0,0,0,0,0,0,0,0,0,0,0,0,0,0,0,0,0,0,0,0,0,0,0
ARTHROPODA,Ephemeroptera,Polymitarcyidae,0,0,0,0,0,0,0,0,0,0,0,0,0,0,0,0,0,0,0,0,0,0,0,0,0,0,0,0,0,0,0,0,0,0,0,0,0,0,0,0,0,0,0,0,0,0,0,0,0,0,0,0,0,0,0,0,0,0,0,0,0,0,0,0,0,0,0,0,0,0,0,0,0,0,0,0,0,0,0,0,0,0,0,0,0,0,0,0,0,0,0,0,0,0,0,0,0,0,0,0
ARTHROPODA,Ephemeroptera,Potamanthidae,0,0,0,0,0,0,0,0,0,0,0,0,0,0,0,0,0,0,0,0,0,0,0,0,0,0,0,0,0,0,0,0,0,0,0,0,0,0,0,0,0,0,0,0,0,0,0,0,0,0,0,0,0,0,0,0,0,0,0,0,0,0,0,0,0,0,0,0,0,0,0,0,0,0,0,0,0,0,0,0,0,0,0,0,0,0,0,0,0,0,0,0,0,0,0,0,0,0,0,0
ARTHROPODA,Ephemeroptera,Siphlonuridae,0,0,0,0,0,0,0,0,0,0,0,0,0,0,0,0,0,0,0,0,0,0,0,0,0,0,0,0,0,0,0,0,0,0,0,0,0,0,0,0,0,0,0,0,0,0,0,0,0,0,0,0,0,0,0,0,0,0,0,0,0,0,0,0,0,0,0,0,0,0,0,0,0,0,0,0,0,0,0,0,0,0,0,0,0,0,0,0,0,0,0,0,0,0,0,0,0,0,0,0
ARTHROPODA,Odonata,Aeshnidae,0,0,0,0,0,0,0,0,0,0,0,0,0,0,0,0,0,0,0,0,0,0,0,0,0,0,0,0,0,0,0,0,0,0,0,0,0,0,0,0,0,0,0,0,0,0,0,0,0,0,0,0,0,0,0,0,0,0,0,0,0,0,0,0,0,0,0,0,0,0,0,0,0,0,0,0,0,0,0,0,0,0,0,0,0,0,0,0,0,0,0,0,0,0,0,0,0,0,0,0
ARTHROPODA,Odonata,Calopterygidae,0,0,0,0,0,0,0,0,0,0,0,0,0,0,0,0,0,0,0,0,0,0,0,0,0,0,0,0,0,0,0,0,0,0,0,0,0,0,0,0,0,0,0,1,0,0,0,1,1,0,0,0,0,0,0,0,4,0,0,0,0,0,0,0,0,0,0,0,0,0,0,0,0,0,1,1,0,7,0,0,0,0,0,0,0,0,0,0,0,0,0,0,5,0,0,0,1,0,1,0
ARTHROPODA,Odonata,Coenagrionidae,0,0,0,0,0,0,0,0,0,0,0,0,0,0,0,0,0,0,0,0,0,0,0,0,0,0,0,0,0,0,0,0,0,0,0,0,0,0,0,0,0,0,0,0,0,0,0,0,0,0,0,0,0,0,0,0,0,0,0,0,0,0,0,0,0,0,0,0,0,0,0,0,0,0,0,0,0,0,0,0,0,0,0,0,0,0,0,0,0,0,0,0,0,0,0,0,0,4,0,0
ARTHROPODA,Odonata,Cordulegasteridae,0,0,2,0,1,0,0,0,0,0,0,0,0,1,0,0,0,0,0,0,0,0,0,0,0,1,0,0,0,1,0,0,0,0,0,0,0,0,0,0,0,0,0,1,1,0,0,0,1,0,0,0,0,0,0,0,0,0,0,0,0,2,0,0,0,0,0,0,0,0,0,1,0,0,0,0,0,0,0,0,0,0,0,0,0,0,0,0,0,0,0,0,0,0,0,0,0,0,0,1
ARTHROPODA,Odonata,Corduliidae,0,0,0,0,0,0,0,0,0,0,0,0,0,0,0,0,0,0,0,0,0,0,0,0,0,0,0,0,0,0,0,0,1,0,0,0,0,0,0,0,0,0,0,0,0,0,0,0,0,0,0,0,0,0,0,0,0,0,0,0,0,0,0,0,0,0,0,0,0,0,0,0,0,0,0,0,0,0,0,0,0,0,0,0,0,0,0,0,0,0,0,0,0,0,0,0,0,0,0,0
ARTHROPODA,Odonata,Gomphidae,0,0,0,0,0,0,0,0,0,0,0,0,0,0,0,0,0,0,0,0,0,0,0,0,0,0,0,0,0,0,0,0,0,0,0,0,0,0,0,0,0,0,0,0,0,0,0,2,0,0,0,0,0,0,0,0,0,0,0,0,0,1,0,0,0,0,0,0,0,0,0,0,0,0,0,0,0,0,0,0,0,0,0,0,0,0,0,0,0,0,0,0,0,0,0,0,0,0,0,0
ARTHROPODA,Odonata,Lestidae,0,0,0,0,0,0,0,0,0,0,0,0,0,0,0,0,0,0,0,0,0,0,0,0,0,0,0,0,0,0,0,0,0,0,0,0,0,0,0,0,0,0,0,0,0,0,0,0,0,0,0,0,0,0,0,0,0,0,0,0,0,0,0,0,0,0,0,0,0,0,0,0,0,0,0,0,0,0,0,0,0,0,0,0,0,0,0,0,0,0,0,0,0,0,0,0,0,0,0,0
ARTHROPODA,Odonata,Libellulidae,0,0,0,0,0,0,0,0,0,0,0,0,0,0,0,0,0,0,0,0,0,0,0,0,0,0,0,0,0,0,0,0,0,0,0,0,0,0,0,0,0,0,0,0,0,0,0,0,0,0,0,0,0,0,0,0,0,0,0,0,0,4,0,0,0,0,0,0,0,0,0,0,0,0,0,0,0,0,0,0,0,0,0,0,0,0,0,0,0,0,0,0,0,0,0,0,0,0,0,0
ARTHROPODA,Odonata,Platycnemididae,0,0,0,0,0,0,0,0,0,0,0,0,0,0,0,0,0,0,0,0,0,0,0,0,0,0,0,0,0,0,0,0,0,0,0,0,0,0,0,1,0,0,0,0,0,2,0,0,0,0,0,0,0,0,0,0,0,0,0,0,0,2,0,0,0,0,0,0,0,0,0,0,0,0,0,0,0,0,0,0,0,0,0,0,0,0,0,0,0,0,0,0,0,0,0,0,0,0,0,0
ARTHROPODA,Plecoptera,Capniidae,0,0,0,0,0,0,0,0,12,0,0,0,0,0,0,0,0,0,0,0,67,0,0,0,0,0,0,0,0,0,0,0,0,0,0,0,0,0,0,0,0,0,0,0,0,0,0,0,0,0,0,0,0,0,1,0,0,0,0,0,0,0,0,0,0,0,0,0,55,0,1,0,0,0,0,0,0,0,0,0,0,0,0,0,0,0,1001,0,0,0,0,0,0,0,0,0,0,0,0,0
ARTHROPODA,Plecoptera,Chloroperlidae,0,0,0,0,0,0,0,0,2,0,0,0,0,0,0,0,0,0,0,24,0,3,0,0,0,0,0,0,0,0,0,0,0,0,0,0,0,0,0,0,2,0,0,0,2,0,0,0,0,0,0,0,0,0,0,0,0,0,0,0,0,0,0,0,0,0,2,0,30,0,0,0,0,0,0,0,0,0,33,0,0,0,0,0,0,0,0,0,0,0,0,0,0,1,0,0,0,0,0,0
ARTHROPODA,Plecoptera,Leuctridae,0,8,0,5,1,0,33,19,42,186,210,134,2,5,0,0,0,0,10,43,165,450,21,0,1,0,1,0,0,93,101,1,0,0,0,0,42,3,0,135,150,1,0,1,41,0,21,0,3,1,2,0,1,38,165,11,0,0,0,2,0,0,1,0,1,0,162,0,133,0,0,87,75,52,0,0,3,0,144,23,0,0,0,0,0,0,36,0,42,0,30,0,23,85,0,57,27,0,5,8
ARTHROPODA,Plecoptera,Nemouridae,0,9,52,2,2,0,37,43,113,413,235,105,220,1168,22,0,0,0,11,130,475,23,285,0,3,0,24,14,56,96,101,4,467,1,0,39,7,23,6,15,21,52,0,5,7,2,374,0,40,1,0,0,14,20,152,4,0,41,0,38,0,0,113,1,21,1,126,5,227,0,45,4,111,66,0,0,0,0,148,370,0,3,0,0,0,0,400,0,19,0,50,0,9,16,0,132,3,6,1,2
ARTHROPODA,Plecoptera,Perlidae,0,0,0,0,0,0,0,0,3,0,0,0,0,0,0,0,0,0,0,0,0,0,0,0,0,0,0,0,0,0,4,0,0,0,0,0,0,0,0,0,0,0,0,0,0,0,0,0,0,0,0,0,0,0,4,0,0,0,0,0,0,0,0,0,0,0,0,0,2,0,0,0,0,0,0,0,0,0,5,0,0,0,0,0,0,0,0,0,0,0,0,0,0,0,0,0,0,0,0,0
ARTHROPODA,Plecoptera,Perlodidae,0,0,0,0,2,0,0,2,2,13,15,8,0,41,0,2,0,0,0,0,1,0,103,0,0,0,0,0,1,0,0,0,0,0,0,0,1,3,0,37,4,0,0,0,0,0,44,0,80,0,0,0,0,0,3,0,0,0,0,1,0,0,0,0,0,0,2,0,28,0,21,0,2,10,0,0,0,0,3,9,0,0,0,0,0,0,1,0,14,0,0,0,0,1,0,4,0,0,0,0
ARTHROPODA,Plecoptera,Taeniopterygidae,0,0,10,0,0,0,5,2,14,52,68,52,16,0,0,11,0,0,0,3,34,49,9,0,0,0,1,2,5,122,101,4,1,286,80,0,0,0,0,0,0,4,0,0,9,3,37,0,0,1,0,2,14,0,0,0,0,0,0,2,0,0,0,0,0,0,19,0,15,0,0,43,60,0,0,0,0,0,0,14,0,1,3,0,0,0,300,0,0,0,0,0,37,11,0,35,8,0,5,0
ARTHROPODA,Heteroptera,Aphelocheiridae,0,0,0,0,0,0,0,0,0,0,0,0,0,0,0,0,0,0,0,0,0,0,0,0,0,0,0,0,0,0,0,0,0,0,0,0,0,0,0,0,0,0,0,0,0,0,0,12,0,0,0,0,0,0,0,0,0,0,0,0,0,0,0,0,0,0,0,0,0,0,0,0,0,0,0,0,0,0,0,0,0,0,0,0,0,0,0,0,0,0,0,0,0,0,0,0,0,0,0,0
ARTHROPODA,Heteroptera,Corixidae,0,0,0,0,0,0,0,0,0,0,0,0,0,0,0,0,0,0,0,0,0,0,0,0,0,0,0,0,0,0,0,0,0,0,0,0,0,0,0,0,0,0,0,0,0,0,0,0,0,0,0,0,0,0,0,0,1,0,0,0,0,0,1,0,0,0,0,0,0,0,0,0,0,0,0,0,0,0,0,0,0,0,0,0,0,0,0,0,0,0,0,0,0,0,0,0,0,3,0,0
ARTHROPODA,Heteroptera,Gerridae,0,0,0,1,0,0,0,0,0,0,0,0,0,0,0,0,0,0,0,0,0,0,0,0,0,0,0,0,0,0,0,0,0,0,0,0,0,0,0,0,0,0,0,0,0,0,0,0,0,0,0,0,0,0,0,0,0,0,0,0,0,0,0,0,0,0,0,0,0,0,0,0,1,0,0,0,0,0,0,0,0,0,0,0,0,0,0,0,0,0,0,0,0,0,0,0,0,0,0,0
ARTHROPODA,Heteroptera,Hebridae,0,0,0,0,0,0,0,0,0,0,0,0,0,0,0,0,0,0,0,0,0,0,0,0,0,0,0,0,0,0,0,0,0,0,0,0,0,0,0,0,0,0,0,0,0,0,0,0,0,0,0,0,0,0,0,0,0,0,0,0,0,0,0,0,0,0,0,0,0,0,0,0,0,0,0,0,0,0,0,0,0,0,0,0,0,0,0,0,0,0,0,0,0,0,0,0,0,0,0,0
ARTHROPODA,Heteroptera,Hydrometridae,0,0,0,0,0,0,0,0,0,0,0,0,0,0,0,0,0,0,0,0,0,0,0,0,0,0,0,0,0,0,0,0,0,0,0,0,0,0,0,0,0,0,0,0,0,0,0,0,0,0,0,0,0,0,0,0,0,0,0,0,0,0,0,0,0,0,0,0,0,0,0,0,0,0,0,0,0,0,0,0,0,0,0,0,0,0,0,0,0,0,0,0,0,0,0,0,0,0,0,0
ARTHROPODA,Heteroptera,Mesoveliidae,0,0,0,0,0,0,0,0,0,0,0,0,0,0,0,0,0,0,0,0,0,0,0,0,0,0,0,0,0,0,0,0,0,0,0,0,0,0,0,0,0,0,0,0,0,0,0,0,0,0,0,0,0,0,0,0,0,0,0,0,0,0,0,0,0,0,0,0,0,0,0,0,0,0,0,0,0,0,0,0,0,0,0,0,0,0,0,0,0,0,0,0,0,0,0,0,0,0,0,0
ARTHROPODA,Heteroptera,Naucoridae,0,0,0,0,0,0,0,0,0,0,0,0,0,0,0,0,0,0,0,0,0,0,0,0,0,0,0,0,0,0,0,0,0,0,0,0,0,0,0,0,0,0,0,0,0,0,0,0,0,0,0,0,0,0,0,0,0,0,0,0,0,0,0,0,0,0,0,0,0,0,0,0,0,0,0,0,0,0,0,0,0,0,0,0,0,0,0,0,0,0,0,0,0,0,0,0,0,0,0,0
ARTHROPODA,Heteroptera,Nepidae,0,0,0,0,0,0,0,0,0,0,0,0,0,0,0,0,0,0,0,0,0,0,0,0,0,0,0,0,0,0,0,0,0,0,0,0,0,0,0,0,0,0,0,0,0,0,0,0,0,0,0,0,0,0,0,0,0,0,0,0,0,0,0,0,0,0,0,0,0,0,0,0,0,0,0,0,0,0,0,0,0,0,0,0,0,0,0,0,0,0,0,0,0,0,0,0,0,0,0,0
ARTHROPODA,Heteroptera,Notonectidae,0,0,0,0,0,0,0,0,0,0,0,0,0,0,0,0,0,0,0,0,0,0,0,0,0,0,0,0,0,0,0,0,0,0,0,0,0,0,0,0,0,0,0,0,0,0,0,0,0,0,0,0,0,0,0,0,0,0,0,0,0,0,0,0,0,0,0,0,0,0,0,0,0,0,0,0,0,0,0,0,0,0,0,0,0,0,0,0,0,0,0,0,0,0,0,0,0,1,0,0
ARTHROPODA,Heteroptera,Pleidae,0,0,0,0,0,0,0,0,0,0,0,0,0,0,0,0,0,0,0,0,0,0,0,0,0,0,0,0,0,0,0,0,0,0,0,0,0,0,0,0,0,0,0,0,0,0,0,0,0,0,0,0,0,0,0,0,0,0,0,0,0,0,0,0,0,0,0,0,0,0,0,0,0,0,0,0,0,0,0,0,0,0,0,0,0,0,0,0,0,0,0,0,0,0,0,0,0,0,0,0
ARTHROPODA,Heteroptera,Veliidae,0,0,0,0,0,0,0,0,0,0,0,0,0,0,0,0,0,0,0,0,0,0,0,0,0,0,0,0,0,0,0,0,0,0,0,0,0,0,0,0,0,0,0,0,0,0,0,0,0,0,0,0,0,0,0,0,0,0,0,0,0,0,0,0,0,0,0,0,0,0,0,0,0,0,0,0,0,0,0,0,0,0,0,0,0,0,0,0,0,0,0,0,0,0,0,0,0,0,0,0
ARTHROPODA,Megaloptera,Sialidae,0,0,0,0,0,0,0,0,0,0,0,0,0,0,0,0,0,0,0,0,0,0,0,0,0,0,0,0,0,0,1,1,0,0,0,4,0,0,0,0,0,0,0,0,0,3,0,0,0,0,0,0,0,0,0,0,1,3,0,0,9,0,1,0,0,0,0,0,0,0,0,0,1,0,0,0,1,0,0,0,0,0,0,0,0,0,1,0,0,0,0,0,0,1,0,0,0,0,0,0
ARTHROPODA,Neuroptera,Osmylidae,0,0,0,0,0,0,0,0,0,0,0,0,0,0,0,0,0,0,0,0,0,0,0,0,0,0,0,0,0,0,0,0,0,0,0,0,0,0,0,0,0,0,0,0,0,0,0,0,0,0,0,0,0,0,0,0,0,0,0,0,0,0,0,0,0,0,0,0,0,0,0,0,0,0,0,0,0,0,0,0,0,0,0,0,0,0,0,0,0,0,0,0,0,0,0,0,0,0,0,0
ARTHROPODA,Neuroptera,Sisyridae,0,0,0,0,0,0,0,0,0,0,0,0,0,0,0,0,0,0,0,0,0,0,0,0,0,0,0,0,0,0,0,0,0,0,0,0,0,0,0,0,0,0,0,0,0,0,0,0,0,0,0,0,0,0,0,0,0,0,0,0,0,0,0,0,0,0,0,0,0,0,0,0,0,0,0,0,0,0,0,0,0,0,0,0,0,0,0,0,0,0,0,0,0,0,0,0,0,0,0,0
ARTHROPODA,Coleoptera,Curculionidae,0,0,0,0,0,0,0,0,0,0,0,0,0,0,0,0,0,0,0,0,0,0,1,0,0,0,0,0,0,0,0,0,0,0,0,0,0,0,0,0,0,0,0,0,0,0,0,0,0,0,0,0,0,0,0,0,0,0,0,0,0,0,0,0,0,0,0,0,0,0,0,0,0,0,0,0,0,0,0,0,0,0,0,0,0,0,0,0,0,0,0,0,0,0,0,0,0,0,0,0
ARTHROPODA,Coleoptera,Chrysomelidae,0,0,0,0,0,0,0,0,0,0,0,0,0,0,0,0,0,0,0,0,0,0,0,0,0,0,0,0,0,0,0,0,0,0,0,0,0,0,0,0,0,0,0,0,0,0,0,0,0,0,0,0,0,0,0,0,0,0,0,0,0,0,0,0,0,0,0,0,0,0,0,0,0,0,0,0,0,0,0,0,0,0,0,0,0,0,0,0,0,0,0,0,0,0,0,0,0,0,0,0
ARTHROPODA,Coleoptera,Dryopidae,0,0,0,0,0,0,0,0,0,0,0,0,0,0,0,0,0,0,0,0,0,0,0,0,0,0,0,0,0,0,0,0,0,0,0,0,0,0,0,0,0,0,0,0,0,0,0,0,0,0,0,0,0,0,0,0,0,0,0,0,0,0,0,0,0,0,0,0,0,0,0,0,0,0,0,0,0,0,0,0,0,0,0,0,0,0,0,0,0,0,0,0,0,0,0,0,0,0,0,0
ARTHROPODA,Coleoptera,Dytiscidae,1,0,0,0,0,0,1,0,0,2,0,1,0,0,0,0,0,0,0,0,7,0,1,0,0,0,0,0,0,4,0,0,0,0,0,3,0,0,0,0,0,0,3,0,0,0,0,0,2,1,0,0,0,0,0,0,0,0,0,0,1,0,0,0,0,0,1,0,0,0,1,0,0,0,0,0,0,0,0,0,0,0,0,0,0,0,0,1,0,0,0,0,1,0,0,0,0,0,1,0
ARTHROPODA,Coleoptera,Elmidae,106,327,101,110,43,11,371,20,12,175,6,10,2,260,91,11,52,0,101,165,210,0,670,0,139,2,196,130,51,92,14,22,19,6,0,250,150,0,0,1,0,0,1,493,180,234,286,17,1774,37,17,41,0,140,118,41,2,6,101,20,0,700,54,502,265,117,175,180,117,0,34,13,208,3,1,16,56,60,0,5,0,0,1,0,9,0,18,0,0,0,0,0,188,31,12,11,8,1,88,36
ARTHROPODA,Coleoptera,Gyrinidae,3,0,0,0,0,0,0,0,0,0,0,0,0,0,0,0,0,0,0,0,0,0,0,0,0,0,0,0,0,0,0,0,0,0,0,0,0,0,0,0,0,0,0,0,1,2,0,5,19,2,0,0,0,0,0,11,2,3,0,0,0,0,0,0,0,0,0,0,0,0,0,0,2,0,0,0,0,0,0,0,0,0,0,0,0,0,0,0,0,0,0,0,1,0,0,0,0,0,0,0
ARTHROPODA,Coleoptera,Haliplidae,0,0,0,0,0,0,0,0,0,0,0,0,0,0,0,0,0,0,0,0,0,0,0,0,0,0,0,0,0,0,0,0,0,0,0,1,0,0,0,0,0,0,0,0,0,0,0,0,2,0,0,0,0,0,0,0,0,0,0,0,0,3,0,2,0,0,0,0,0,0,0,0,0,0,0,0,0,0,0,0,51,0,0,0,0,0,0,25,0,0,0,0,0,0,1,0,0,0,0,0
ARTHROPODA,Coleoptera,Helophoridae,0,0,0,0,0,0,0,0,0,0,0,0,0,0,0,0,0,0,0,0,0,0,0,0,0,0,0,0,0,0,0,0,0,0,0,0,0,0,0,0,0,0,0,0,0,0,0,0,0,0,0,0,0,0,0,0,0,0,0,0,0,0,0,0,0,0,0,0,0,0,0,0,0,0,0,0,0,0,0,0,0,0,0,0,0,0,0,0,0,0,0,0,0,0,0,0,0,0,0,0
ARTHROPODA,Coleoptera,Hydraenidae,0,0,3,0,1,0,2,0,3,21,2,1,0,2,1,0,0,0,0,3,45,0,1,0,0,0,0,1,0,5,4,1,0,1,0,0,0,0,0,0,0,0,0,0,5,2,1,0,3,5,0,0,0,0,3,0,0,0,2,0,0,0,0,1,0,0,3,1,1,0,1,0,1,0,0,0,0,0,0,0,0,0,0,0,0,0,1,0,1,0,0,0,0,1,0,3,0,0,2,0
ARTHROPODA,Coleoptera,Hydrochidae,0,0,0,0,0,0,0,0,0,0,0,0,0,0,0,0,0,0,0,0,0,0,0,0,0,0,0,0,0,0,0,0,0,0,0,0,0,0,0,0,0,0,0,0,0,0,0,0,0,0,0,0,0,0,0,0,0,0,0,0,0,0,0,0,0,0,0,0,0,0,0,0,0,0,0,0,0,0,0,0,0,0,0,0,0,0,0,0,0,0,0,0,0,0,0,0,0,0,0,0
ARTHROPODA,Coleoptera,Hydrophilidae,0,0,0,0,0,0,0,0,0,0,0,0,0,0,0,0,0,0,0,0,0,0,1,0,0,0,0,0,0,0,1,0,0,0,0,0,0,0,0,0,0,0,0,0,0,0,0,0,0,0,0,0,0,0,0,0,0,0,0,0,0,0,0,0,0,0,0,0,0,0,0,0,0,0,0,0,0,0,0,0,0,0,0,0,0,0,0,0,0,0,0,0,0,0,0,0,0,0,0,0
ARTHROPODA,Coleoptera,Hydroscaphidae,0,0,0,0,0,0,0,0,0,0,0,0,0,0,0,0,0,0,0,0,0,0,0,0,0,0,0,0,0,0,0,0,0,0,0,0,0,0,0,0,0,0,0,0,0,0,0,0,0,0,0,0,0,0,0,0,0,0,0,0,0,0,0,0,0,0,0,0,0,0,0,0,0,0,0,0,0,0,0,0,0,0,0,0,0,0,0,0,0,0,0,0,0,0,0,0,0,0,0,0
ARTHROPODA,Coleoptera,Hygrobiidae,0,0,0,0,0,0,0,0,0,0,0,0,0,0,0,0,0,0,0,0,0,0,0,0,0,0,0,0,0,0,0,0,0,0,0,0,0,0,0,0,0,0,0,0,0,0,0,0,0,0,0,0,0,0,0,0,0,0,0,0,0,0,0,0,0,0,0,0,0,0,0,0,0,0,0,0,0,0,0,0,0,0,0,0,0,0,0,0,0,0,0,0,0,0,0,0,0,0,0,0
ARTHROPODA,Coleoptera,Noteridae,0,0,0,0,0,0,0,0,0,0,0,0,0,0,0,0,0,0,0,0,0,0,0,0,0,0,0,0,0,0,0,0,0,0,0,0,0,0,0,0,0,0,0,0,0,0,0,0,0,0,0,0,0,0,0,0,0,0,0,0,0,0,0,0,0,0,0,0,0,0,0,0,0,0,0,0,0,0,0,0,0,0,0,0,0,0,0,0,0,0,0,0,0,0,0,0,0,0,0,0
ARTHROPODA,Coleoptera,Psephenidae,0,0,0,0,0,0,0,0,0,0,0,0,0,0,0,0,0,0,0,0,0,0,0,0,0,0,0,0,0,0,0,0,0,0,0,0,0,0,0,0,0,0,0,0,0,0,0,0,0,0,0,0,0,0,0,0,0,0,0,0,0,0,0,0,0,0,0,0,0,0,0,0,0,0,0,0,0,0,0,0,0,0,0,0,0,0,0,0,0,0,0,0,0,0,0,0,0,0,0,0
ARTHROPODA,Coleoptera,Scirtidae (=Helodidae),1,18,4,0,0,1,0,1,0,0,0,0,7,1,1,0,10,0,0,10,14,0,6,0,0,2,4,2,0,16,3,0,0,3,0,0,1,0,0,0,0,0,0,1,23,0,1,0,1,0,0,0,0,0,0,2,0,0,19,0,13,0,6,21,0,0,0,0,1,0,1,2,0,1,0,0,0,0,0,2,0,3,5,0,0,0,0,0,0,0,0,0,0,2,0,3,0,0,1,2
ARTHROPODA,Coleoptera,Spercheidae,0,0,0,0,0,0,0,0,0,0,0,0,0,0,0,0,0,0,0,0,0,0,0,0,0,0,0,0,0,0,0,0,0,0,0,0,0,0,0,0,0,0,0,0,0,0,0,0,0,0,0,0,0,0,0,0,0,0,0,0,0,0,0,0,0,0,0,0,0,0,0,0,0,0,0,0,0,0,0,0,0,0,0,0,0,0,0,0,0,0,0,0,0,0,0,0,0,0,0,0
ARTHROPODA,Trichoptera,Apataniidae,0,0,0,0,0,0,0,0,0,0,0,0,0,0,0,0,0,0,0,0,0,0,0,0,0,0,0,0,0,0,0,0,0,0,0,0,0,0,0,0,0,0,0,0,0,0,0,0,0,0,0,0,0,0,0,0,0,0,0,0,0,0,0,0,0,0,0,0,0,0,0,0,0,0,0,0,0,0,0,0,0,0,0,0,0,0,0,0,0,0,0,0,0,0,0,0,0,0,0,0
ARTHROPODA,Trichoptera,Beraeidae,0,0,0,0,0,0,0,0,0,0,0,0,0,0,0,0,0,0,0,0,0,0,0,0,0,0,0,0,0,0,0,0,0,0,0,0,0,0,0,0,0,0,0,0,0,0,0,0,0,0,0,0,0,0,0,0,0,0,0,0,0,0,0,0,0,0,0,0,0,0,0,0,0,0,0,0,0,0,0,0,0,0,0,0,0,0,0,0,0,0,0,0,0,0,0,0,0,0,0,0
ARTHROPODA,Trichoptera,Brachycentridae,0,0,0,0,0,0,0,0,0,0,0,0,0,0,0,0,0,0,0,0,0,0,0,0,0,0,0,0,0,0,0,0,0,0,0,0,0,0,0,0,0,0,0,0,0,0,0,0,0,0,0,0,0,0,0,0,0,0,0,0,0,0,0,0,0,0,0,0,0,0,0,0,0,0,0,0,0,0,0,0,0,0,0,0,0,0,0,0,0,0,0,0,0,0,0,0,0,0,0,0
ARTHROPODA,Trichoptera,Ecnomidae,0,0,0,0,0,0,0,0,0,0,0,0,0,0,0,0,0,0,0,0,0,0,0,0,0,0,0,0,0,0,0,0,0,0,0,0,0,0,0,0,0,0,0,0,0,0,0,0,0,0,0,0,0,0,0,0,0,0,0,0,0,0,0,0,0,0,0,0,0,0,0,0,0,0,0,0,0,0,0,0,0,0,0,0,0,0,0,0,0,0,0,0,0,0,0,0,0,0,0,0
ARTHROPODA,Trichoptera,Glossosomatidae,0,0,0,0,0,0,0,0,0,1,0,0,0,1,0,0,0,0,0,6,0,0,0,0,0,0,0,0,0,0,0,0,0,0,0,0,35,0,0,0,0,0,0,0,0,0,0,0,0,0,0,0,0,0,0,1,0,0,3,0,0,0,0,0,1,0,1,0,2,0,0,0,0,0,0,0,10,0,0,0,0,0,0,0,0,0,1,0,0,0,0,0,0,0,0,0,0,0,0,0
ARTHROPODA,Trichoptera,Goeridae,0,0,2,0,0,0,0,0,0,0,0,0,0,11,0,0,1,0,0,0,0,0,1,0,0,0,0,0,1,0,0,0,0,2,0,0,1,0,0,0,0,0,0,0,0,0,2,0,1,0,0,0,0,0,1,6,0,0,0,0,0,0,0,0,0,0,0,1,0,0,0,0,1,0,0,0,6,0,0,0,0,0,0,0,0,0,0,0,0,0,0,1,0,0,0,0,0,0,0,0
ARTHROPODA,Trichoptera,Helicopsychidae,0,0,0,0,0,0,0,0,0,0,0,0,0,0,0,0,0,0,0,0,0,0,0,0,0,0,0,0,0,0,0,0,0,0,0,0,0,0,0,0,0,0,0,0,0,0,0,0,0,0,0,0,0,0,0,0,0,0,0,0,0,0,0,0,0,0,0,0,0,0,0,0,0,0,0,0,0,0,0,0,0,0,0,0,0,0,0,0,0,0,0,0,0,0,0,0,0,0,0,0
ARTHROPODA,Trichoptera,Hydropsychidae,22,459,19,6,0,1,70,55,1,42,8,18,23,294,19,222,0,0,13,0,228,0,13,0,3,0,13,9,51,28,23,53,60,0,14,0,0,0,0,1,0,2,0,8,28,7,160,15,420,2,12,0,0,14,3,0,27,1,0,25,0,2,1,0,34,16,63,13,17,0,0,6,20,41,0,10,0,3,0,12,0,0,0,0,33,4,12,0,0,0,51,0,52,34,0,51,8,0,7,0
ARTHROPODA,Trichoptera,Hydroptilidae,0,0,0,0,0,0,6,0,0,0,0,0,0,0,0,0,0,0,0,0,0,0,2,0,2,0,0,0,0,0,0,0,1,0,0,1,0,0,0,0,0,0,0,0,2,0,0,0,0,0,0,0,0,0,0,1,1,0,1,0,0,0,0,0,0,4,0,13,0,0,0,0,0,1,0,0,0,0,0,0,0,0,0,0,0,0,0,0,0,0,0,0,3,0,0,0,0,0,1,0
ARTHROPODA,Trichoptera,Lepidostomatidae,0,0,0,0,0,0,0,0,0,1,0,0,0,0,0,0,0,0,0,0,0,0,0,0,0,0,0,0,0,0,0,0,0,0,0,0,0,0,0,0,0,0,0,0,0,0,0,0,0,0,0,0,0,0,0,0,0,0,0,0,0,0,0,0,0,0,0,0,0,0,0,0,0,0,0,0,0,0,0,0,0,0,0,0,0,0,0,0,0,0,0,0,0,0,0,0,0,0,0,0
ARTHROPODA,Trichoptera,Leptoceridae,0,0,0,0,0,0,0,0,0,0,0,0,0,0,0,0,0,0,0,0,0,0,0,0,0,0,0,0,0,0,0,0,0,0,0,0,0,0,0,0,0,0,0,0,0,0,0,0,0,0,0,0,0,0,0,0,0,0,0,0,0,0,0,0,0,0,0,0,0,0,0,0,0,0,0,0,0,0,0,0,0,0,0,0,0,0,0,0,0,0,0,0,0,0,0,0,0,0,1,0
ARTHROPODA,Trichoptera,Limnephilidae,6,54,19,42,3,0,7,7,23,7,0,9,8,25,11,1,660,77,8,33,29,2,66,1,3,0,44,24,40,115,51,8,10,9,1,78,82,7,0,9,70,0,1,76,53,21,14,3,10,2,2,35,9,20,1,13,22,90,17,0,61,176,10,69,4,4,17,4,2,1,37,23,9,2,5,43,27,10,1,26,0,18,87,1,51,5,4,33,13,0,9,16,17,9,6,12,3,29,11,13
ARTHROPODA,Trichoptera,Molannidae,0,0,0,0,0,0,0,0,0,0,0,0,0,0,0,0,0,0,0,0,0,0,0,0,0,0,0,0,0,0,0,0,0,0,0,0,0,0,0,0,0,0,0,0,0,0,0,0,0,0,0,0,0,0,0,0,0,0,0,0,0,0,0,0,0,0,0,0,0,0,0,0,0,0,0,0,0,0,0,0,0,0,0,0,0,0,0,0,0,0,0,0,0,0,0,0,0,0,0,0
ARTHROPODA,Trichoptera,Odontoceridae,3,1,4,0,0,0,1,4,0,0,0,2,0,10,0,0,0,0,1,4,5,0,7,0,6,0,0,0,2,0,33,2,0,0,0,8,0,0,0,0,0,0,0,3,6,2,1,0,0,1,0,0,0,0,1,0,0,0,11,0,0,0,1,0,0,0,5,4,0,0,0,0,0,0,0,0,0,0,0,0,0,0,0,0,0,0,0,0,0,0,0,0,1,0,0,5,0,0,0,0
ARTHROPODA,Trichoptera,Philopotamidae,0,0,5,0,0,0,0,0,0,1,0,0,1,0,0,0,0,0,0,0,1,0,0,0,0,0,0,0,0,5,0,0,0,0,0,0,0,0,0,0,0,0,0,0,0,0,0,0,0,0,0,0,0,1,0,0,0,0,0,0,0,0,1,0,0,0,3,0,0,0,0,0,0,0,0,0,0,0,6,0,0,0,0,0,0,0,1,0,0,0,0,0,0,0,0,0,0,0,0,0
ARTHROPODA,Trichoptera,Phryganeidae,0,0,0,0,0,0,0,0,0,0,0,0,0,0,0,0,0,0,0,0,0,0,0,0,0,0,0,0,0,0,0,0,0,0,0,0,0,0,0,1,0,0,0,0,0,0,0,0,0,0,0,0,0,0,0,0,0,0,0,0,0,0,0,0,0,0,0,0,0,0,0,0,0,0,0,0,0,0,0,0,0,0,0,0,0,0,0,0,0,0,0,0,0,0,0,0,0,0,0,0
ARTHROPODA,Trichoptera,Polycentropodidae,0,0,2,0,3,0,11,0,0,0,0,0,6,0,0,0,1,0,0,0,0,0,3,0,0,20,0,3,1,0,0,0,0,1,0,6,0,0,0,0,0,0,0,1,0,0,0,0,0,1,0,0,17,0,0,0,0,0,0,0,0,0,3,0,3,1,0,0,0,0,12,0,3,1,0,0,1,9,0,1,0,1,0,0,0,0,0,0,0,0,0,0,0,0,0,0,2,0,3,8
ARTHROPODA,Trichoptera,Psychomyiidae,102,54,58,16,12,2,6,0,0,0,105,0,2,2,1,0,0,0,10,1,8,0,61,0,12,0,5,24,1,3,4,27,0,0,0,13,10,0,0,0,1,0,0,14,2,0,5,23,2,0,0,0,3,13,0,0,5,9,0,0,0,0,4,0,18,35,2,0,0,0,0,1,0,0,0,1,6,1,0,5,0,3,18,3,19,19,1,0,0,0,0,0,1,0,0,1,0,0,1,4
ARTHROPODA,Trichoptera,Ptilocolepidae,0,0,0,0,0,0,0,0,0,0,0,0,0,0,0,0,0,0,0,0,0,0,0,0,0,0,0,0,0,0,0,0,0,0,0,0,0,0,0,0,0,0,0,0,0,0,0,0,0,0,0,0,0,0,0,0,0,0,0,0,0,0,0,0,0,0,0,0,0,0,0,0,0,0,0,0,0,0,0,0,0,0,0,0,0,0,0,0,0,0,0,0,0,0,0,0,0,0,0,0
ARTHROPODA,Trichoptera,Rhyacophilidae,30,20,58,7,22,4,31,18,5,48,26,5,7,70,6,24,0,0,0,0,17,12,23,0,2,0,7,5,12,6,24,45,8,0,0,2,10,1,0,0,2,0,0,8,20,1,45,3,8,1,16,0,7,7,3,2,1,12,3,5,0,0,3,0,5,9,10,5,3,0,0,52,2,2,0,1,1,1,13,10,0,4,6,0,22,1,8,0,2,0,11,0,5,3,0,11,1,0,10,0
ARTHROPODA,Trichoptera,Sericostomatidae,0,0,6,0,0,0,0,0,0,1,0,0,6,1,0,0,7,0,0,13,0,0,0,0,0,1,0,3,0,4,6,1,0,0,0,0,0,0,0,6,0,0,0,3,8,0,1,0,1,0,0,0,0,0,0,0,0,0,3,0,0,0,1,0,0,1,4,0,3,0,0,4,0,0,0,0,0,0,0,1,0,0,0,0,0,0,2,0,2,0,0,0,1,0,0,7,0,0,0,0
ARTHROPODA,Lepidoptera,Lepidoptera,0,0,0,0,0,0,0,0,0,0,0,0,0,0,0,0,0,0,0,0,0,0,0,0,0,0,0,0,0,0,0,0,0,0,0,0,0,0,0,0,0,0,0,0,0,0,0,0,0,0,0,0,0,0,0,0,0,0,0,0,0,0,0,0,0,0,0,0,0,0,0,0,0,0,0,0,0,0,0,0,0,0,0,0,0,0,0,0,0,0,0,0,0,0,0,0,0,0,0,0
ARTHROPODA,Diptera,Anthomyiidae/Muscidae,0,0,0,0,0,0,0,0,0,0,0,0,0,0,8,0,0,0,0,0,0,0,0,0,0,0,1,0,0,4,0,0,0,0,0,0,0,0,0,0,1,0,0,0,0,0,0,0,15,0,0,0,0,0,0,0,0,2,0,0,0,0,0,8,0,1,0,0,0,0,0,0,0,0,0,2,0,0,0,0,0,0,0,0,0,0,0,0,0,0,0,0,0,0,0,0,0,0,0,0
ARTHROPODA,Diptera,Athericidae,0,0,3,0,0,0,0,0,0,0,2,32,18,70,0,0,0,0,0,4,6,1,0,0,3,0,0,0,0,0,12,9,0,0,0,0,0,0,0,4,3,1,0,1,6,0,2,0,0,0,0,0,0,3,0,1,0,0,0,0,0,0,0,0,0,0,22,0,6,0,0,29,0,9,0,0,0,0,15,9,0,0,0,0,0,0,26,0,2,0,15,0,0,4,0,11,2,0,1,0
ARTHROPODA,Diptera,Blephariceridae,0,0,0,0,0,0,0,0,0,0,0,0,0,0,0,0,0,0,0,0,0,0,0,0,0,0,0,0,0,0,0,0,0,0,0,0,0,0,0,0,0,1,0,0,0,0,0,0,0,0,0,0,0,0,0,0,0,0,0,0,0,0,0,0,0,0,0,0,0,0,0,0,0,0,0,0,0,0,2,0,0,0,0,0,0,0,1,0,0,0,0,0,0,2,0,0,0,0,0,0
ARTHROPODA,Diptera,Ceratopogonidae,11,2,1,2,4,2,6,13,3,2,3,6,2,8,1,10,85,0,11,1,41,1,5,8,24,1,0,15,5,1,8,8,3,3,5,32,1,0,0,5,4,0,15,15,13,4,3,1,1,3,1,53,7,13,9,0,33,75,1,0,6,15,0,0,0,9,4,30,0,0,13,1,2,5,7,0,0,3,0,1,0,19,0,13,1,0,21,2,0,0,29,6,7,10,2,1,0,0,1,3
ARTHROPODA,Diptera,Chaoboridae,0,0,0,0,0,0,0,0,0,0,0,0,0,0,0,0,0,0,0,0,0,0,0,0,0,0,0,0,0,0,0,0,0,0,0,0,0,0,0,0,0,0,0,0,0,0,0,0,0,0,0,0,0,0,0,0,0,0,0,0,0,0,0,0,0,0,0,0,0,0,0,0,0,0,0,0,0,0,0,0,0,0,0,0,0,0,0,0,0,0,0,0,0,0,0,0,0,0,0,0
ARTHROPODA,Diptera,Chironomidae,700,90,101,173,318,935,1036,800,250,1001,2500,125,261,830,233,101,12,12,1001,55,510,101,283,39,239,350,123,1246,101,18,101,360,180,49,101,250,400,300,5,300,800,5,438,576,491,798,550,37,641,33,63,414,637,2500,467,70,1050,780,11,120,250,740,46,179,169,2320,48,1200,38,220,152,776,1020,110,1800,104,84,600,55,101,1001,235,410,459,101,101,101,1001,36,181,101,229,1900,117,590,101,250,117,200,97
ARTHROPODA,Diptera,Culicidae,0,0,0,0,0,0,0,0,0,0,0,0,0,0,0,0,0,0,0,0,0,0,0,0,0,0,0,0,0,0,0,0,0,0,0,0,0,0,0,0,0,0,0,0,0,0,0,0,0,0,0,0,0,0,0,0,0,0,0,0,0,0,0,0,0,0,0,0,0,0,0,0,0,0,0,0,0,0,0,0,0,0,0,0,0,0,0,0,0,0,0,0,0,0,0,0,0,0,0,0
ARTHROPODA,Diptera,Cylindrotomidae,0,0,0,0,0,0,0,0,0,0,0,0,0,0,0,0,0,0,0,0,0,0,0,0,0,0,0,0,0,0,0,0,0,0,0,0,0,0,0,0,0,0,0,0,0,0,0,0,0,0,0,0,0,0,0,0,0,0,0,0,0,0,0,0,0,0,0,0,0,0,0,0,0,0,0,0,0,0,0,0,0,0,0,0,0,0,0,0,0,0,0,0,0,0,0,0,0,1,0,0
ARTHROPODA,Diptera,Dixidae,0,0,0,0,0,0,0,0,0,0,0,0,4,0,0,0,0,0,0,1,0,0,0,0,0,0,23,0,0,0,0,0,0,0,0,0,0,0,0,0,0,0,0,0,0,0,0,0,0,0,0,0,0,0,0,0,0,0,0,0,0,0,0,4,0,0,0,0,0,0,0,0,0,0,0,0,0,0,0,0,0,0,0,0,0,0,0,0,3,0,1,0,0,0,0,0,0,0,0,0
ARTHROPODA,Diptera,Dolichopodidae,0,0,0,0,0,0,0,0,0,0,0,0,0,0,1,0,0,0,0,0,0,0,0,0,0,0,0,0,0,1,0,0,0,0,0,0,0,0,0,0,0,0,0,0,0,0,0,0,0,0,0,0,0,0,0,0,0,0,0,0,0,0,0,0,0,0,0,0,0,0,0,0,0,0,0,0,0,0,0,0,0,0,0,0,0,0,0,0,0,0,0,0,0,0,0,0,0,0,0,0
ARTHROPODA,Diptera,Empididae,5,21,14,2,6,5,44,2,2,2,75,0,9,11,3,11,0,1,11,0,0,12,22,0,8,2,0,13,11,0,2,38,10,0,4,15,5,2,0,0,4,1,0,14,12,1,18,0,3,4,0,0,9,20,2,2,39,5,1,1,0,1,0,19,2,10,4,7,0,20,0,11,3,2,1,0,0,10,3,5,0,7,2,0,4,7,0,0,9,0,1,0,7,2,0,5,0,0,0,2
ARTHROPODA,Diptera,Ephydridae,0,0,0,0,0,0,0,0,0,0,0,0,0,0,0,0,0,0,0,0,0,0,0,0,0,0,0,0,0,0,0,0,0,0,0,0,0,0,0,0,0,0,0,0,0,0,0,0,0,0,0,0,0,0,0,0,0,0,0,0,1,0,0,0,0,0,0,0,0,0,0,0,0,0,0,0,0,0,0,0,0,0,0,0,0,0,0,0,0,0,0,0,0,0,0,0,0,0,0,0
ARTHROPODA,Diptera,Limoniidae/Pedicidae,47,76,14,4,7,10,32,37,22,31,31,5,39,8,12,11,8,0,11,35,13,13,10,0,11,2,43,10,12,6,24,25,61,7,0,22,3,3,0,8,42,1,1,25,15,4,48,2,23,11,8,3,21,10,12,13,5,1,0,2,3,0,3,7,4,5,11,1,9,0,1,33,3,26,0,0,2,1,12,37,0,13,0,1,3,7,32,0,4,1,5,6,6,7,0,11,4,0,11,7
ARTHROPODA,Diptera,Psychodidae,3,1,18,18,2,0,13,2,1,2,6,0,10,7,0,10,1,0,0,0,0,8,1,2,11,0,0,1,1,0,0,8,9,1,0,0,2,13,0,0,60,1,0,1,1,0,12,0,2,31,0,33,3,0,0,6,0,0,0,7,0,2,5,0,5,37,1,0,0,0,2,3,0,0,0,0,0,0,0,2,0,14,6,1,7,1,3,0,12,3,18,0,1,1,0,0,1,0,3,1
ARTHROPODA,Diptera,Ptychopteridae,0,0,10,0,0,0,0,0,0,0,0,0,33,0,3,0,0,0,0,14,0,0,0,0,0,25,3,0,0,0,0,0,0,0,0,0,0,0,0,0,0,0,0,0,0,0,0,0,0,0,0,0,0,0,0,0,0,0,0,0,0,0,1,7,0,0,0,0,0,0,0,0,0,0,0,0,0,0,0,1,0,0,0,0,0,0,0,0,0,0,0,0,0,0,0,0,0,0,0,6
ARTHROPODA,Diptera,Rhagionidae,0,0,0,0,0,0,0,0,0,1,0,0,0,0,0,0,0,0,0,0,0,0,0,0,0,0,0,0,0,1,0,0,0,0,0,0,0,0,0,0,1,0,0,0,0,0,0,0,0,0,0,0,1,0,0,0,0,0,0,0,0,0,0,0,0,0,0,0,0,0,0,0,0,0,0,0,0,0,0,0,0,0,0,0,0,0,0,0,0,0,0,0,0,0,0,0,0,0,0,0
ARTHROPODA,Diptera,Scatophagidae,0,0,0,0,0,0,0,0,0,0,0,0,0,0,0,0,0,0,0,0,0,0,0,0,0,0,0,0,0,0,0,0,0,0,0,0,0,0,0,0,0,0,0,0,0,0,0,0,0,0,0,0,0,0,0,0,0,0,0,0,0,0,0,0,0,0,0,0,0,0,0,0,0,0,0,0,0,0,0,0,0,0,0,0,0,0,0,0,0,0,0,0,0,0,0,0,0,0,0,0
ARTHROPODA,Diptera,Sciomyzidae,0,0,0,0,0,0,0,0,0,0,0,0,0,0,0,0,0,0,0,0,0,0,0,0,0,0,0,0,0,0,0,0,0,0,0,0,0,0,0,0,0,0,0,0,0,0,0,0,0,0,0,0,0,0,0,0,0,0,0,0,0,0,0,0,0,0,0,0,0,0,0,0,0,0,0,0,0,0,0,0,0,0,0,0,0,0,0,0,0,0,0,0,0,0,0,0,0,0,0,0
ARTHROPODA,Diptera,Simuliidae,3,148,101,8,21,28,56,225,300,150,70,133,22,23,0,11,3,0,101,225,105,7,10,73,0,4,3,3,4,181,70,60,0,140,2,150,50,0,0,50,600,3,0,9,27,392,41,3,7,28,4,18,156,4,593,67,2350,3650,101,30,4,260,102,0,23,13,4,4,76,33,1,53,53,6,1,25,6,4,66,15,1,53,168,0,13,0,101,51,3,300,51,0,91,496,5,11,5,0,10,6
ARTHROPODA,Diptera,Stratiomyidae,0,1,0,3,2,0,1,0,0,0,2,0,0,5,0,0,3,0,0,0,0,0,8,0,8,0,0,1,0,0,0,0,2,0,0,0,0,2,0,0,0,0,0,0,0,2,1,0,0,1,0,1,0,0,0,0,0,0,0,0,0,3,0,0,3,0,0,3,0,0,0,2,0,0,0,0,0,0,0,0,0,0,2,0,2,10,0,0,0,0,0,0,1,0,1,0,1,0,1,0
ARTHROPODA,Diptera,Syrphidae,0,0,0,0,0,0,0,0,0,0,0,0,0,0,0,0,0,0,0,0,0,0,0,0,0,0,0,0,0,0,0,0,0,0,0,0,0,0,0,0,0,0,0,0,0,0,0,0,0,0,0,0,0,0,0,0,0,0,0,0,0,0,0,0,0,0,0,0,0,0,0,0,0,0,0,0,0,0,0,0,0,0,0,0,0,0,0,0,0,0,0,0,0,0,0,0,0,0,0,0
ARTHROPODA,Diptera,Tabanidae,1,0,0,0,0,0,1,0,0,0,0,0,0,0,0,0,0,0,0,0,0,0,0,0,0,0,0,0,0,0,0,0,0,0,0,0,0,0,0,5,0,0,0,0,0,0,1,0,0,1,0,0,0,0,0,0,0,0,0,0,0,0,0,1,0,0,0,0,0,0,0,0,1,0,0,1,0,0,0,0,0,0,0,0,0,0,0,1,0,0,0,0,0,0,0,0,0,0,0,0
ARTHROPODA,Diptera,Thaumaleidae,0,0,0,0,0,0,0,0,0,0,0,0,0,0,0,0,0,0,0,0,0,0,0,0,0,0,0,0,0,0,0,0,0,0,0,0,0,0,0,0,0,0,0,0,0,0,0,0,0,0,0,0,0,0,0,0,0,0,0,0,0,0,0,0,0,0,0,0,0,0,0,0,0,0,0,0,0,0,0,0,0,0,0,0,0,0,0,0,0,0,0,0,0,0,0,0,0,0,0,0
ARTHROPODA,Diptera,Tipulidae,0,0,0,1,0,0,2,1,0,0,0,0,0,1,97,1,1,0,1,0,0,0,0,0,0,0,45,1,0,44,0,1,0,2,0,0,0,1,0,1,0,1,0,0,1,0,3,5,0,0,5,1,0,2,0,0,0,0,0,0,0,2,0,35,0,0,0,0,0,0,0,2,3,0,0,0,0,0,0,0,0,2,0,0,0,0,0,2,0,0,0,0,1,0,0,0,0,0,2,0
