order,family,species,Spez_001_AG,Spez_002_AG,Spez_003_AG,Spez_004_AG,Spez_005_AG,Spez_006_AG,Spez_007_AG,Spez_008_AI,Spez_009_AI,Spez_010_AR,Spez_011_AR,Spez_012_BE,Spez_013_BE,Spez_014_BE,Spez_015_BE,Spez_016_BE,Spez_017_BE,Spez_018_BE,Spez_019_BE,Spez_020_BE,Spez_021_BE,Spez_022_BE,Spez_023_BE,Spez_024_BL,Spez_025_BL,Spez_026_BS,Spez_027_FR,Spez_028_FR,Spez_029_FR,Spez_030_FR,Spez_031_FR,Spez_032_FR,Spez_033_FR,Spez_034_GE,Spez_035_GE,Spez_036_GL,Spez_037_GL,Spez_038_GR,Spez_039_GR,Spez_040_GR,Spez_041_GR,Spez_042_GR,Spez_043_JU,Spez_044_JU,Spez_045_JU,Spez_046_LU,Spez_047_LU,Spez_048_LU,Spez_049_LU,Spez_050_LU,Spez_051_LU,Spez_052_NE,Spez_053_NE,Spez_054_NW,Spez_055_OW,Spez_056_OW,Spez_057_SG,Spez_058_SG,Spez_059_SG,Spez_060_SG,Spez_061_SG,Spez_062_SH,Spez_063_SH,Spez_064_SH,Spez_065_SO,Spez_066_SO,Spez_067_SO,Spez_068_SZ,Spez_069_SZ,Spez_070_ZH,Spez_071_TG,Spez_072_TG,Spez_073_TG,Spez_074_TI,Spez_075_TI,Spez_076_TI,Spez_077_TI,Spez_078_UR,Spez_079_UR,Spez_080_VD,Spez_081_VD,Spez_082_VD,Spez_083_VD,Spez_084_VD,Spez_085_VD,Spez_086_VD,Spez_087_VD,Spez_088_VS,Spez_089_VS,Spez_090_VS,Spez_091_VS,Spez_092_VS,Spez_093_ZG,Spez_094_ZG,Spez_095_ZH,Spez_096_ZH,Spez_097_ZH,Spez_098_ZH,Spez_099_ZH,Spez_100_ZH
Ephemeroptera,Baetidae,Alainites muticus,0,45,0,2,20,0,46,20,4,23,133,98,132,7,0,0,0,0,0,6,51,0,14,0,14,0,0,65,12,40,101,39,54,0,0,0,3,0,0,3,11,0,0,11,301,5,104,0,29,0,0,0,0,206,29,0,0,0,0,2,0,1,149,1,6,3,65,23,29,0,0,1,4,12,0,0,0,0,0,10,0,8,9,0,5,1,33,0,0,0,0,0,7,4,0,5,0,0,0,0
Ephemeroptera,Baetidae,Baetis alpinus,0,0,60,0,2,0,0,91,13,440,284,153,0,17,0,10,0,1,715,0,102,167,20,0,1,0,0,0,4,1,2,2,1,1,0,0,21,10,9,20,0,21,0,1,8,0,4,0,0,0,2,0,0,283,43,5,0,0,0,60,0,0,0,0,5,0,844,0,20,0,0,0,0,59,0,1,0,0,124,28,0,0,0,0,10,0,21,1,18,7,710,0,0,109,0,210,1,0,0,0
Ephemeroptera,Baetidae,Baetis buceratus,0,0,0,0,0,0,0,0,0,0,0,0,0,0,0,0,0,0,0,0,0,0,0,0,0,0,0,0,0,0,0,0,0,0,0,0,0,0,0,0,0,0,0,0,0,0,0,0,0,0,0,0,0,0,1,0,0,20,0,0,0,0,0,0,0,0,0,0,0,0,0,0,0,0,0,56,0,0,0,0,0,0,0,0,0,0,0,0,0,0,0,0,0,0,0,0,0,0,0,0
Ephemeroptera,Baetidae,Baetis fuscatus,0,0,0,0,0,0,0,0,0,0,0,0,0,0,0,0,0,0,0,0,0,0,0,0,0,0,0,0,0,0,0,0,1,0,0,0,0,0,0,0,0,0,0,0,0,0,0,0,0,0,0,0,0,0,0,0,0,0,0,0,0,1,0,0,0,0,0,0,0,0,0,0,0,0,0,0,0,0,0,0,0,0,0,0,0,0,0,0,0,0,0,0,0,0,0,0,0,0,0,0
Ephemeroptera,Baetidae,Baetis liebenauae,0,0,0,0,0,0,0,0,0,0,0,0,0,0,0,0,0,0,0,0,0,0,0,0,0,0,0,0,0,0,0,0,0,0,0,0,0,0,0,0,0,0,0,0,0,0,0,0,0,0,0,0,0,0,0,0,0,0,0,0,0,0,0,0,0,0,0,0,0,0,0,0,0,0,71,58,0,13,0,0,0,0,0,0,0,0,0,0,0,0,0,0,0,0,0,0,0,0,0,0
Ephemeroptera,Baetidae,Baetis lutheri,9,4,0,0,3,233,335,78,0,330,1,0,0,37,42,0,0,0,2,0,0,0,4,0,3,0,1,0,5,0,0,80,54,0,0,0,0,0,0,0,0,0,0,0,167,1,90,2,41,1,1,0,0,0,0,3,0,0,0,28,0,0,0,0,1,1,52,0,0,0,0,6,0,0,0,0,0,0,0,0,0,0,2,0,19,0,0,0,0,0,0,0,19,15,0,58,0,0,0,0
Ephemeroptera,Baetidae,Baetis melanonyx,0,0,0,0,0,0,0,0,0,0,0,0,0,0,0,0,0,0,0,0,0,0,0,0,0,0,0,12,0,0,0,0,33,0,0,0,0,0,0,0,0,0,0,0,0,0,0,0,0,0,0,0,0,0,0,0,0,0,0,0,0,0,1,0,0,0,0,0,0,0,0,0,0,0,0,0,0,0,0,0,0,0,0,0,0,0,0,0,0,0,0,0,0,0,0,0,0,0,0,0
Ephemeroptera,Baetidae,Baetis muticus,0,0,0,0,0,0,0,0,0,0,0,0,0,0,0,0,0,0,0,0,0,0,0,0,0,0,0,0,0,0,0,0,0,0,0,0,0,0,0,0,0,0,0,0,0,0,0,0,0,0,0,0,0,0,0,0,0,0,0,0,0,0,0,0,0,0,0,0,0,0,0,0,0,0,0,0,0,0,0,0,0,0,0,0,0,0,0,0,1,0,0,0,0,0,0,0,0,0,0,27
Ephemeroptera,Baetidae,Baetis pentaphlebodes,0,0,0,0,0,0,0,0,0,0,0,0,0,0,0,0,0,0,0,0,0,0,0,0,0,0,0,0,0,0,0,0,0,0,0,0,0,0,0,0,0,0,0,0,0,0,0,0,0,0,0,0,0,0,0,0,13,16,0,0,0,17,0,0,0,0,0,0,0,0,0,0,2,0,0,0,0,0,0,0,0,0,0,0,0,0,0,0,0,0,0,0,0,0,0,0,0,0,0,0
Ephemeroptera,Baetidae,Baetis rhodani,132,276,313,63,362,351,617,2086,5,1,1032,38,14,189,226,156,1,2,1172,6,31,1,135,38,73,34,59,133,84,5,101,137,158,19,65,464,91,0,0,3,0,1,6,388,783,461,128,20,112,342,123,207,35,874,187,200,199,183,97,20,3,105,37,42,384,392,281,1812,105,25,6,113,292,25,0,72,25,27,3,142,3,4,133,40,101,100,26,62,4,1,0,11,358,161,58,0,84,0,345,41
Ephemeroptera,Baetidae,Baetis sp.,0,0,0,0,0,0,0,0,0,0,0,0,0,0,0,0,0,0,295,0,0,0,0,0,0,0,0,0,0,0,0,0,0,0,0,0,0,0,0,0,0,0,0,0,0,0,0,23,0,0,0,0,0,0,0,0,0,0,0,0,0,0,0,0,0,0,0,0,0,0,0,0,0,0,0,0,0,0,0,0,0,0,0,0,0,0,0,0,0,0,0,0,0,0,0,0,0,0,0,0
Ephemeroptera,Baetidae,Baetis vernus,0,0,0,0,0,0,0,0,0,0,0,0,0,0,11,0,1,0,0,0,0,0,7,28,0,0,0,0,1,0,0,0,0,0,0,109,0,0,0,0,0,0,282,0,0,0,0,0,0,0,0,0,0,0,0,0,0,0,0,0,0,0,0,0,0,0,0,15,0,0,0,0,0,0,0,0,2,0,0,0,0,0,0,0,0,0,0,0,0,0,0,0,0,0,0,0,0,0,0,0
Ephemeroptera,Baetidae,Centroptilum luteolum,0,0,0,11,1,0,47,0,0,0,0,2,1,0,2,0,0,0,410,0,1,0,0,0,0,0,0,0,0,0,1,0,0,0,0,0,0,0,0,0,0,0,0,3,8,15,2,0,1,1,0,0,2,137,0,0,0,0,0,0,0,24,96,0,0,0,0,0,0,0,18,6,0,1,1,0,0,0,0,0,0,1,0,0,1,0,1,0,0,0,0,0,9,11,0,1,0,0,5,0
Ephemeroptera,Baetidae,Cloeon dipterum,0,0,0,0,0,0,0,0,0,0,0,0,0,0,0,0,0,0,0,0,0,0,0,0,0,0,0,0,0,0,0,0,0,0,0,0,0,0,0,0,0,0,0,0,0,0,0,0,0,0,0,0,0,0,0,0,0,0,0,0,0,2,0,0,0,0,0,0,0,0,0,0,0,0,0,0,0,0,0,0,0,0,0,0,0,0,0,1,0,0,0,0,0,0,0,0,0,2,0,0
Ephemeroptera,Caenidae,Caenis macrura,0,0,0,0,0,0,0,0,0,0,0,0,0,0,0,0,0,0,0,0,0,0,0,0,0,0,0,0,0,0,0,0,0,0,0,0,0,0,0,0,0,0,0,0,0,0,0,0,0,0,0,0,0,0,0,0,0,0,0,0,0,142,0,0,0,0,0,0,0,0,0,0,0,0,0,0,0,0,0,0,4,0,0,0,0,0,0,0,0,0,0,0,1,0,0,0,0,0,0,0
Ephemeroptera,Ephemerellidae,Ephemerella mucronata,8,0,9,0,0,0,0,0,0,1,0,0,0,0,0,0,0,0,0,0,0,0,0,0,0,0,0,0,7,10,0,0,0,0,0,3,64,0,0,0,0,0,0,0,1,0,4,0,0,0,0,0,0,0,19,0,0,0,0,0,0,0,0,0,0,0,6,0,0,0,0,0,0,0,0,0,0,0,0,0,0,0,0,0,0,0,0,0,0,0,0,0,0,0,0,0,0,0,0,0
Ephemeroptera,Ephemerellidae,Serratella ignita,0,14,0,40,0,0,1,0,0,0,0,0,0,140,0,0,0,0,0,0,0,0,1,0,0,0,0,0,0,0,0,0,0,0,0,45,1,0,0,0,0,0,0,242,1,0,0,0,0,0,0,0,0,0,0,0,0,0,1,0,0,0,0,0,2,0,0,19,0,0,0,0,0,0,0,2,3,0,0,0,0,0,0,0,0,0,0,0,0,0,0,0,0,0,0,0,0,0,0,0
Ephemeroptera,Ephemerellidae,Torleya major,0,0,0,0,0,0,0,0,0,0,0,0,0,0,0,0,0,0,0,0,0,0,0,0,0,0,0,0,0,0,0,0,0,0,0,1,0,0,0,0,0,0,0,0,10,0,0,0,0,0,0,0,0,0,3,0,0,0,0,0,0,0,0,0,0,0,2,0,0,0,0,0,0,0,0,0,0,0,0,0,0,0,0,0,0,0,0,0,0,0,0,0,0,0,0,0,0,0,0,0
Ephemeroptera,Ephemeridae,Ephemera danica,13,25,3,1,0,0,28,0,0,0,0,2,0,3,0,0,0,0,0,0,0,0,0,0,0,0,0,1,1,1,1,0,0,0,0,3,0,0,0,0,0,0,0,25,8,2,1,0,15,0,0,0,0,0,0,0,0,0,1,0,0,0,5,0,0,0,2,0,0,0,0,18,13,0,0,0,0,0,0,1,0,0,0,0,0,0,0,0,0,0,0,0,10,5,0,21,1,0,1,4
Ephemeroptera,Ephemeridae,Ephemera sp.,0,0,0,0,0,0,0,0,0,0,0,0,0,0,0,0,0,0,0,0,0,0,0,0,0,0,0,0,0,0,0,0,0,0,0,0,0,0,0,0,0,0,0,0,0,0,0,0,0,0,0,0,0,0,0,1,0,0,0,0,0,0,0,0,0,0,0,0,0,0,0,0,0,0,0,0,0,0,0,0,0,0,0,0,0,0,0,0,0,0,0,0,0,0,0,0,0,0,0,0
Ephemeroptera,Heptageniidae,Electrogena lateralis,0,0,0,0,0,0,0,0,1,0,0,0,0,0,0,0,0,0,0,0,0,0,0,0,0,0,0,0,0,0,0,0,0,0,0,0,0,0,0,0,0,0,0,0,0,0,0,0,0,0,0,0,3,0,0,0,0,0,0,0,0,0,0,0,0,0,0,0,1,0,0,0,0,0,0,0,0,0,0,0,0,0,0,0,0,0,0,0,0,0,0,0,0,0,0,0,0,0,0,0
Ephemeroptera,Heptageniidae,Electrogena ujhelyii,0,0,0,0,0,0,0,0,0,0,0,0,57,0,0,0,0,0,0,6,0,0,1,0,0,0,0,0,0,0,0,0,3,0,0,0,0,0,0,0,0,0,0,0,0,0,2,0,0,0,0,0,0,0,0,0,0,0,0,0,0,0,8,0,0,0,0,0,0,0,0,0,0,0,0,0,0,0,0,4,0,5,9,0,0,0,0,0,0,0,0,0,0,0,0,0,0,0,0,0
Ephemeroptera,Heptageniidae,Epeorus alpicola,0,0,0,0,0,0,0,0,0,0,0,0,0,0,0,0,0,0,0,0,0,3,0,0,0,0,0,0,0,0,0,0,0,0,0,0,0,0,0,0,0,0,0,0,0,0,0,0,0,0,0,0,0,0,0,0,0,0,0,0,0,0,0,0,0,0,0,0,0,0,0,0,0,0,0,0,0,0,5,0,0,0,0,0,0,0,1,0,6,0,0,0,0,0,0,0,0,0,0,0
Ephemeroptera,Heptageniidae,Epeorus assimilis,1,0,1,0,0,0,0,2,0,0,0,0,0,38,0,0,0,0,0,0,51,0,0,0,0,0,0,0,1,9,15,0,0,0,0,0,0,0,0,0,0,0,0,0,19,0,0,0,0,0,0,0,0,0,14,0,0,0,0,0,0,0,0,0,0,0,185,0,1,0,0,0,0,3,0,0,0,0,0,0,0,0,0,0,0,0,0,0,0,0,0,0,0,1,0,0,0,0,0,0
Ephemeroptera,Heptageniidae,Epeorus sp.,0,0,0,0,0,0,0,0,1,0,0,0,0,0,0,0,0,0,0,0,0,0,0,0,0,0,0,0,0,0,0,0,0,0,0,0,0,0,0,0,0,0,0,0,0,0,0,0,0,0,0,0,0,0,0,0,0,0,0,0,0,0,0,0,0,0,0,0,0,0,0,0,0,0,0,0,0,0,0,0,0,0,0,0,0,0,0,0,0,0,0,0,0,0,0,0,0,0,0,0
Ephemeroptera,Heptageniidae,Ecdyonurus dispar,0,0,0,0,0,0,0,0,0,0,0,0,0,0,0,0,0,0,0,0,0,0,0,0,0,0,0,0,0,0,0,0,0,0,0,0,0,0,0,0,0,0,0,0,0,0,0,0,0,0,0,0,0,0,0,0,0,0,0,0,0,0,0,0,0,0,0,0,0,0,0,0,0,0,0,0,0,0,0,0,0,0,0,0,0,0,0,0,0,0,0,0,0,0,0,0,0,0,2,0
Ephemeroptera,Heptageniidae,Ecdyonurus helveticus,0,0,0,0,0,0,0,0,7,2,4,0,0,0,0,0,0,0,0,0,11,5,0,0,0,0,0,0,0,0,0,0,0,0,0,0,0,0,0,2,0,0,0,0,0,0,0,0,0,1,0,0,0,0,0,0,0,0,0,0,0,0,0,0,0,0,0,0,1,0,0,0,3,22,0,0,0,0,6,0,0,0,0,0,0,0,7,0,10,0,2,0,0,0,0,6,8,0,3,0
Ephemeroptera,Heptageniidae,Ecdyonurus venosus,5,0,2,0,0,0,3,52,0,0,3,5,0,7,0,0,0,0,0,0,7,0,0,0,0,0,4,4,0,8,12,0,30,0,0,0,8,0,0,0,0,0,0,0,19,3,7,0,6,0,0,0,0,0,3,0,0,0,0,0,0,0,0,0,0,0,100,0,6,0,0,0,8,1,0,0,0,0,0,10,0,0,0,0,0,0,0,0,0,0,0,0,9,0,0,15,0,0,37,8
Ephemeroptera,Heptageniidae,Ecdyonurus torrentis,0,0,0,0,0,0,0,8,0,0,0,0,0,0,0,0,0,0,0,0,0,0,0,0,0,0,0,0,0,0,0,1,0,0,0,0,0,0,0,0,0,0,0,3,0,0,2,0,0,6,0,0,0,0,0,0,0,0,0,0,0,0,0,0,0,0,0,0,0,0,0,0,49,0,0,0,0,0,0,0,0,0,0,0,0,0,0,0,0,0,0,0,0,1,0,0,0,0,0,0
Ephemeroptera,Heptageniidae,Ecdyonurus sp.,0,0,0,0,0,0,0,0,0,0,19,0,0,0,0,0,0,0,0,0,0,0,0,0,0,0,0,0,0,0,0,0,3,0,0,0,0,0,0,0,0,0,0,0,0,0,0,0,0,1,0,0,0,0,7,4,0,0,0,0,0,0,0,0,1,0,0,0,0,0,0,3,0,0,0,0,0,0,0,0,0,0,0,0,0,0,0,0,0,0,0,0,0,0,0,0,0,0,0,0
Ephemeroptera,Heptageniidae,Rhithrogena alpestris,0,0,0,0,0,0,0,0,0,0,0,0,0,0,0,0,0,0,0,0,0,2,0,0,0,0,0,0,0,0,0,0,0,0,0,0,2,0,0,0,0,5,0,0,0,0,0,0,0,0,0,0,0,0,0,0,0,0,0,0,0,0,0,0,0,0,0,0,0,0,0,0,0,0,0,0,0,0,1,0,0,0,0,0,0,0,0,0,0,0,0,0,0,0,0,0,0,0,0,0
Ephemeroptera,Heptageniidae,Rhithrogena dorieri,0,0,0,0,0,0,0,0,6,0,0,0,0,0,0,0,0,0,0,0,0,0,0,0,0,0,0,0,0,0,0,0,0,0,0,0,0,0,0,0,0,0,0,0,0,0,0,0,0,0,0,0,0,0,0,0,0,0,0,0,0,0,0,0,0,0,0,0,0,0,0,0,0,0,0,0,0,0,0,0,0,0,0,0,0,0,0,0,0,0,0,0,0,0,0,0,0,0,0,0
Ephemeroptera,Heptageniidae,Rhithrogena hybrida,0,0,0,0,0,0,0,0,3,0,0,0,0,0,0,0,0,0,0,0,0,96,0,0,0,0,0,0,0,0,0,0,0,0,0,0,0,0,0,0,0,3,0,0,0,0,0,0,0,0,0,0,0,0,0,0,0,0,0,0,0,0,0,0,0,0,0,0,0,0,0,0,0,0,0,0,0,0,0,0,0,0,0,0,0,0,2,0,0,0,0,0,0,0,0,0,0,0,0,0
Ephemeroptera,Heptageniidae,Rhithrogena picteti,20,22,115,0,0,0,0,0,0,0,0,47,0,0,4,0,0,0,0,0,0,0,17,0,0,0,0,0,0,0,0,0,0,0,0,0,0,0,0,0,0,0,0,54,0,0,0,0,0,0,0,0,0,20,0,0,0,0,0,0,0,0,50,0,0,27,265,0,0,0,0,0,18,0,0,0,0,0,0,0,0,0,18,0,0,0,0,0,0,0,0,0,0,0,0,0,0,0,0,1
Ephemeroptera,Heptageniidae,Rhithrogena puthzi,0,0,0,0,0,0,0,0,0,0,0,0,0,0,0,0,0,0,0,0,0,0,0,0,0,0,0,0,0,0,0,0,0,0,0,0,0,0,0,7,0,0,0,0,0,0,0,0,0,0,0,0,0,0,0,0,0,0,0,0,0,0,0,0,0,0,0,0,0,0,0,0,0,0,0,0,0,0,45,0,0,0,0,0,0,0,0,0,0,0,0,0,0,0,0,0,0,0,0,0
Ephemeroptera,Heptageniidae,Rhithrogena semicolorata,50,0,0,1,0,0,0,30,32,51,13,0,73,73,0,0,0,0,0,0,0,0,0,0,3,0,0,0,0,7,51,0,1,0,0,0,0,0,0,0,0,0,0,0,75,0,47,0,18,0,0,0,0,0,27,22,0,0,0,0,0,0,0,0,42,0,0,0,64,0,0,0,0,5,0,0,0,0,0,0,0,0,0,0,0,0,49,0,0,0,0,0,0,67,0,11,0,0,0,0
Ephemeroptera,Heptageniidae,Rhithrogena sp.,0,0,0,0,0,0,0,0,4,0,0,0,0,15,0,2,0,0,0,104,111,0,0,0,0,0,0,0,0,0,0,0,0,1,0,0,0,0,0,0,0,0,0,0,0,0,0,0,0,0,0,0,0,0,0,0,0,0,0,0,0,0,0,0,0,0,0,0,0,0,0,0,0,0,0,0,0,0,0,0,0,0,0,0,0,0,0,0,0,0,0,0,0,0,0,0,0,0,0,0
Ephemeroptera,Leptophlebiidae,Habroleptoides auberti,0,0,0,0,0,0,0,0,0,0,0,14,0,0,0,0,0,0,0,0,62,0,0,0,0,0,0,0,0,0,0,0,0,0,0,0,0,0,0,0,0,0,0,0,0,0,0,0,0,0,0,0,0,0,0,0,0,0,0,0,0,0,0,0,0,0,0,0,3,0,0,0,0,0,0,0,0,0,1,0,0,0,0,0,0,0,0,0,0,0,0,0,0,0,0,0,0,0,0,0
Ephemeroptera,Leptophlebiidae,Habroleptoides confusa,0,76,0,0,0,0,21,14,6,0,5,8,0,0,1,0,0,0,0,2,40,0,0,0,12,0,0,0,0,5,101,3,0,0,0,0,0,0,0,0,0,0,0,63,882,0,0,0,4,13,1,0,4,6,4,34,0,0,0,0,0,0,66,0,3,0,331,2,74,0,0,28,43,34,0,0,0,0,0,0,0,0,0,0,0,0,0,0,0,0,0,0,4,68,0,51,4,0,21,12
Ephemeroptera,Leptophlebiidae,Habrophlebia lauta,0,251,0,54,0,0,32,156,1,0,0,1,0,0,0,0,0,0,0,0,18,0,1,0,8,0,0,5,1,0,21,13,0,0,0,60,0,0,0,0,0,0,0,0,51,1,0,0,4,63,0,0,12,104,12,1,0,0,0,0,0,0,29,0,6,0,0,8,5,0,0,3,9,0,0,0,0,0,0,0,0,10,0,0,0,0,0,0,0,0,0,0,10,0,0,1,0,0,10,0
Ephemeroptera,Leptophlebiidae,Habrophlebia fusca,0,0,0,0,0,0,0,0,0,0,0,0,0,0,0,0,0,0,0,0,0,0,0,0,0,0,0,0,0,0,0,0,0,0,0,0,0,0,0,0,0,0,0,1,0,0,0,0,0,0,0,0,0,0,0,0,0,2,0,0,0,9,0,0,0,0,0,0,0,0,190,0,0,0,0,0,0,0,0,0,0,0,0,0,0,0,0,0,0,0,0,0,20,0,0,0,0,0,0,0
Ephemeroptera,Leptophlebiidae,Paraleptophlebia submarginata,0,10,0,0,0,0,2,5,0,0,0,0,0,1,3,0,0,0,51,0,0,0,0,0,0,0,0,0,0,0,8,0,0,0,0,19,0,0,0,0,0,0,0,10,3,7,1,0,10,0,0,0,0,0,0,0,0,0,0,0,0,0,3,0,0,0,0,1,0,0,1,0,17,0,0,0,0,0,0,0,0,0,0,0,0,0,0,0,0,0,0,0,0,0,0,2,0,0,3,0
Plecoptera,Capniidae,Capnioneura nemuroides,0,0,0,0,0,0,0,0,12,0,0,0,0,0,0,0,0,0,0,0,67,0,0,0,0,0,0,0,0,0,0,0,0,0,0,0,0,0,0,0,0,0,0,0,0,0,0,0,0,0,0,0,0,0,1,0,0,0,0,0,0,0,0,0,0,0,0,0,55,0,0,0,0,0,0,0,0,0,0,0,0,0,0,0,0,0,1001,0,0,0,0,0,0,0,0,0,0,0,0,0
Plecoptera,Chloroperlidae,Chloroperla sp.,0,0,0,0,0,0,0,0,1,0,0,0,0,0,0,0,0,0,0,0,0,0,0,0,0,0,0,0,0,0,0,0,0,0,0,0,0,0,0,0,0,0,0,0,0,0,0,0,0,0,0,0,0,0,0,0,0,0,0,0,0,0,0,0,0,0,0,0,0,0,0,0,0,0,0,0,0,0,0,0,0,0,0,0,0,0,0,0,0,0,0,0,0,0,0,0,0,0,0,0
Plecoptera,Chloroperlidae,Chloroperla tripunctata,0,0,0,0,0,0,0,0,0,0,0,0,0,0,0,0,0,0,0,0,0,0,0,0,0,0,0,0,0,0,0,0,0,0,0,0,0,0,0,0,0,0,0,0,0,0,0,0,0,0,0,0,0,0,0,0,0,0,0,0,0,0,0,0,0,0,0,0,14,0,0,0,0,0,0,0,0,0,0,0,0,0,0,0,0,0,0,0,0,0,0,0,0,0,0,0,0,0,0,0
Plecoptera,Chloroperlidae,Chloroperla susemicheli,0,0,0,0,0,0,0,0,0,0,0,0,0,0,0,0,0,0,0,0,0,3,0,0,0,0,0,0,0,0,0,0,0,0,0,0,0,0,0,0,2,0,0,0,0,0,0,0,0,0,0,0,0,0,0,0,0,0,0,0,0,0,0,0,0,0,0,0,0,0,0,0,0,0,0,0,0,0,33,0,0,0,0,0,0,0,0,0,0,0,0,0,0,0,0,0,0,0,0,0
Plecoptera,Chloroperlidae,Siphonoperla torrentium,0,0,0,0,0,0,0,0,1,0,0,0,0,0,0,0,0,0,0,24,0,0,0,0,0,0,0,0,0,0,0,0,0,0,0,0,0,0,0,0,0,0,0,0,2,0,0,0,0,0,0,0,0,0,0,0,0,0,0,0,0,0,0,0,0,0,2,0,16,0,0,0,0,0,0,0,0,0,0,0,0,0,0,0,0,0,0,0,0,0,0,0,0,1,0,0,0,0,0,0
Plecoptera,Leuctridae,Leuctra sp.,0,8,0,5,1,0,33,19,42,186,207,134,1,5,0,0,0,0,10,35,161,450,21,0,0,0,1,0,0,89,101,0,0,0,0,0,42,3,0,135,150,1,0,1,41,0,20,0,3,1,2,0,1,38,165,11,0,0,0,2,0,0,1,0,1,0,162,0,133,0,0,85,74,52,0,0,3,0,144,23,0,0,0,0,0,0,36,0,41,0,30,0,23,78,0,57,20,0,5,0
Plecoptera,Leuctridae,Leuctra braueri,0,0,0,0,0,0,0,0,0,0,0,0,0,0,0,0,0,0,0,0,0,0,0,0,0,0,0,0,0,0,0,0,0,0,0,0,0,0,0,0,0,0,0,0,0,0,0,0,0,0,0,0,0,0,0,0,0,0,0,0,0,0,0,0,0,0,0,0,0,0,0,0,0,0,0,0,0,0,0,0,0,0,0,0,0,0,0,0,1,0,0,0,0,0,0,0,0,0,0,0
Plecoptera,Leuctridae,Leuctra hippopus,0,0,0,0,0,0,0,0,0,0,3,0,0,0,0,0,0,0,0,0,1,0,0,0,1,0,0,0,0,0,0,1,0,0,0,0,0,0,0,0,0,0,0,0,0,0,1,0,0,0,0,0,0,0,0,0,0,0,0,0,0,0,0,0,0,0,0,0,0,0,0,2,1,0,0,0,0,0,0,0,0,0,0,0,0,0,0,0,0,0,0,0,0,5,0,0,7,0,0,0
Plecoptera,Leuctridae,Leuctra inermis,0,0,0,0,0,0,0,0,0,0,0,0,0,0,0,0,0,0,0,0,3,0,0,0,0,0,0,0,0,0,0,0,0,0,0,0,0,0,0,0,0,0,0,0,0,0,0,0,0,0,0,0,0,0,0,0,0,0,0,0,0,0,0,0,0,0,0,0,0,0,0,0,0,0,0,0,0,0,0,0,0,0,0,0,0,0,0,0,0,0,0,0,0,0,0,0,0,0,0,0
Plecoptera,Leuctridae,Leuctra nigra,0,0,0,0,0,0,0,0,0,0,0,0,1,0,0,0,0,0,0,8,0,0,0,0,0,0,0,0,0,4,0,0,0,0,0,0,0,0,0,0,0,0,0,0,0,0,0,0,0,0,0,0,0,0,0,0,0,0,0,0,0,0,0,0,0,0,0,0,0,0,0,0,0,0,0,0,0,0,0,0,0,0,0,0,0,0,0,0,0,0,0,0,0,2,0,0,0,0,0,8
Plecoptera,Nemouridae,Amphinemura sulcicollis-K,0,0,0,0,0,0,0,4,7,0,29,0,0,0,0,0,0,0,11,0,3,0,1,0,0,0,0,0,3,0,7,0,0,0,0,0,2,0,0,0,10,0,0,0,3,0,56,0,26,0,0,0,0,0,4,0,0,0,0,10,0,0,0,0,0,0,28,0,93,0,0,0,0,0,0,0,0,0,0,0,0,0,0,0,0,0,101,0,0,0,0,0,0,10,0,27,0,0,0,0
Plecoptera,Nemouridae,Amphinemura triangularis,0,0,0,0,0,0,0,0,0,0,0,0,0,0,0,0,0,0,0,0,1,0,0,0,0,0,0,0,0,0,0,0,0,0,0,0,0,0,0,0,7,0,0,0,0,0,0,0,1,0,0,0,0,0,1,0,0,0,0,0,0,0,0,0,0,0,0,0,1,0,0,0,0,0,0,0,0,0,0,0,0,0,0,0,0,0,0,0,0,0,0,0,0,0,0,0,0,0,0,0
Plecoptera,Nemouridae,Amphimemura sp.,0,0,0,0,0,0,0,0,0,0,0,88,0,85,0,0,0,0,0,0,47,0,0,0,0,0,0,0,0,0,0,0,0,0,0,0,0,0,0,0,0,0,0,0,0,0,0,0,0,0,0,0,0,0,0,0,0,0,0,0,0,0,0,0,0,0,0,0,0,0,0,0,0,62,0,0,0,0,0,0,0,0,0,0,0,0,0,0,0,0,0,0,0,0,0,0,0,0,0,0
Plecoptera,Nemouridae,Nemoura cambrica,0,0,0,0,0,0,0,0,0,0,0,0,0,0,0,0,0,0,0,0,0,0,0,0,0,0,0,0,0,0,0,0,0,0,0,0,0,0,0,0,0,0,0,0,0,0,0,0,0,0,0,0,0,0,0,0,0,0,0,0,0,0,0,0,1,0,0,0,0,0,0,0,0,0,0,0,0,0,0,0,0,0,0,0,0,0,0,0,0,0,0,0,0,0,0,0,0,0,0,0
Plecoptera,Nemouridae,Nemoura cinerea,0,0,0,0,0,0,0,0,0,0,0,0,0,0,0,0,0,0,0,0,0,0,0,0,0,0,0,0,0,0,0,0,0,0,0,0,0,0,0,0,0,0,0,0,0,0,0,0,0,0,0,0,0,0,0,0,0,0,0,0,0,0,0,0,0,0,0,0,0,0,45,0,0,0,0,0,0,0,0,0,0,0,0,0,0,0,0,0,0,0,0,0,0,0,0,0,0,6,0,0
Plecoptera,Nemouridae,Nemoura avicularis,0,0,0,0,0,0,0,0,0,0,0,0,0,0,0,0,0,0,0,0,0,0,0,0,0,0,0,0,0,0,0,0,0,0,0,7,0,0,0,0,0,0,0,0,0,0,0,0,0,0,0,0,0,0,0,0,0,0,0,0,0,0,0,0,0,0,0,0,0,0,0,0,0,0,0,0,0,0,0,0,0,0,0,0,0,0,0,0,0,0,0,0,0,0,0,0,0,0,0,0
Plecoptera,Nemouridae,Nemoura flexuosa,0,0,0,2,0,0,0,1,0,0,2,0,0,10,7,0,0,0,0,0,0,0,5,0,0,0,2,0,0,26,0,0,0,0,0,1,0,0,0,0,0,0,0,0,0,1,13,0,4,0,0,0,0,0,0,0,0,0,0,0,0,0,0,0,0,0,0,1,0,0,0,1,7,0,0,0,0,0,0,1,0,0,0,0,0,0,0,0,0,0,0,0,1,0,0,0,0,0,0,0
Plecoptera,Nemouridae,Nemoura marginata,0,0,0,0,0,0,0,0,4,0,3,0,38,0,8,0,0,0,0,0,0,0,1,0,0,0,0,0,0,0,0,2,0,0,0,0,0,0,0,0,0,0,0,0,0,0,0,0,0,0,0,0,7,0,0,0,0,0,0,0,0,0,14,0,0,0,0,0,0,0,0,0,1,0,0,0,0,0,0,9,0,0,0,0,0,0,0,0,0,0,0,0,0,0,0,0,0,0,0,0
Plecoptera,Nemouridae,Nemoura minima,0,0,0,0,0,0,0,0,32,17,3,2,0,0,0,0,0,0,0,0,408,0,0,0,0,0,0,0,0,0,1,0,0,0,0,0,0,0,0,0,2,0,0,0,0,0,0,0,0,0,0,0,0,0,3,0,0,0,0,1,0,0,0,0,0,0,51,0,96,0,0,0,0,0,0,0,0,0,0,0,0,0,0,0,0,0,51,0,0,0,0,0,0,0,0,1,0,0,0,0
Plecoptera,Nemouridae,Nemoura mortoni,0,0,0,0,0,0,0,0,0,0,0,0,0,0,0,0,0,0,0,0,0,7,0,0,0,0,0,0,0,0,0,0,0,0,0,0,0,0,0,0,0,1,0,0,0,0,0,0,0,0,0,0,0,0,1,0,0,0,0,0,0,0,0,0,0,0,0,0,0,0,0,0,0,0,0,0,0,0,8,0,0,0,0,0,0,0,3,0,0,0,1,0,0,0,0,0,0,0,0,0
Plecoptera,Nemouridae,Nemoura sciurus,0,0,0,0,0,0,0,0,0,0,0,0,0,0,0,0,0,0,0,0,0,0,0,0,0,0,0,0,0,0,0,0,0,0,0,0,0,0,0,0,0,0,0,0,0,0,0,0,0,0,0,0,0,0,0,0,0,0,0,0,0,0,22,0,0,0,0,0,0,0,0,0,0,0,0,0,0,0,0,0,0,0,0,0,0,0,0,0,0,0,0,0,0,0,0,0,0,0,0,0
Plecoptera,Nemouridae,Nemoura sinuata,0,0,0,0,0,0,0,0,0,0,0,0,0,0,0,0,0,0,0,0,0,0,0,0,0,0,0,0,0,0,0,0,0,0,0,0,0,8,0,0,0,0,0,0,0,0,0,0,0,0,0,0,0,0,0,0,0,0,0,0,0,0,0,0,0,0,0,0,0,0,0,0,0,0,0,0,0,0,0,0,0,0,0,0,0,0,0,0,0,0,0,0,0,0,0,0,0,0,0,0
Plecoptera,Nemouridae,Nemoura uncinata,0,0,0,0,0,0,0,0,0,0,0,0,0,0,0,0,0,0,0,0,0,0,0,0,0,0,0,0,0,0,0,0,0,0,0,0,0,0,0,0,0,0,0,0,0,0,0,0,0,0,0,0,0,0,0,0,0,0,0,0,0,0,0,0,0,0,0,0,4,0,0,0,0,0,0,0,0,0,0,0,0,0,0,0,0,0,0,0,0,0,0,0,0,0,0,0,0,0,0,0
Plecoptera,Nemouridae,Nemoura sp.,0,9,40,0,1,0,1,8,8,26,6,4,156,6,7,0,0,0,0,130,0,1,0,0,3,0,0,5,0,59,51,0,0,1,0,0,2,11,0,0,0,1,0,5,1,0,9,0,0,0,0,0,0,9,4,0,0,7,0,0,0,0,51,1,20,1,7,0,3,0,0,0,95,0,0,0,0,0,0,47,0,3,0,0,0,0,0,0,0,0,9,0,0,2,0,3,0,0,0,2
Plecoptera,Nemouridae,Nemurella pictetii,0,0,0,0,0,0,0,0,0,0,0,0,0,0,0,0,0,0,0,0,0,0,0,0,0,0,0,0,0,0,0,0,0,0,0,31,0,0,0,0,0,0,0,0,0,1,0,0,0,0,0,0,0,2,0,0,0,34,0,0,0,0,2,0,0,0,0,4,0,0,0,0,0,0,0,0,0,0,0,0,0,0,0,0,0,0,0,0,0,0,0,0,0,0,0,0,0,0,0,0
Plecoptera,Nemouridae,Protonemura auberti,0,0,0,0,0,0,0,0,0,4,0,0,0,0,0,0,0,0,0,0,0,0,0,0,0,0,0,0,0,0,0,0,0,0,0,0,0,0,0,0,0,0,0,0,0,0,0,0,0,0,0,0,0,0,2,0,0,0,0,0,0,0,4,0,0,0,0,0,0,0,0,0,0,0,0,0,0,0,0,0,0,0,0,0,0,0,0,0,0,0,0,0,0,0,0,0,0,0,0,0
Plecoptera,Nemouridae,Protonemura intricata,0,0,0,0,0,0,0,0,0,50,0,4,0,1067,0,0,0,0,0,0,13,0,6,0,0,0,0,9,6,0,0,0,48,0,0,0,0,0,0,0,0,0,0,0,0,0,0,0,0,0,0,0,0,0,6,0,0,0,0,0,0,0,0,0,0,0,0,0,0,0,0,0,0,0,0,0,0,0,0,0,0,0,0,0,0,0,0,0,0,0,0,0,0,0,0,0,0,0,0,0
Plecoptera,Nemouridae,Protonemura lateralis,0,0,0,0,0,0,0,0,0,0,0,0,0,0,0,0,0,0,0,0,3,0,0,0,0,0,0,0,0,0,0,0,0,0,0,0,0,4,0,0,0,3,0,0,0,0,0,0,0,0,0,0,0,9,3,0,0,0,0,0,0,0,0,0,0,0,0,0,0,0,0,0,0,0,0,0,0,0,0,0,0,0,0,0,0,0,0,0,0,0,40,0,0,0,0,0,0,0,0,0
Plecoptera,Nemouridae,Protonemura nimborum,0,0,0,0,0,0,0,0,0,0,0,0,0,0,0,0,0,0,0,0,0,1,0,0,0,0,0,0,0,0,0,0,0,0,0,0,0,0,5,10,1,2,0,0,0,0,0,0,0,0,0,0,0,0,0,0,0,0,0,0,0,0,0,0,0,0,0,0,0,0,0,0,0,0,0,0,0,0,0,0,0,0,0,0,0,0,0,0,0,0,0,0,0,0,0,0,0,0,0,0
Plecoptera,Nemouridae,Protonemura sp.,0,0,0,0,1,0,36,30,62,316,192,0,26,0,0,0,0,0,0,0,0,14,272,0,0,0,22,0,47,11,101,2,419,0,0,0,3,0,1,5,1,45,0,0,3,0,296,0,9,1,0,0,7,0,128,4,0,0,0,27,0,0,20,0,0,0,40,0,30,0,0,3,8,4,0,0,0,0,140,313,0,0,0,0,0,0,51,0,19,0,0,0,8,4,0,101,3,0,1,0
Plecoptera,Perlidae,Perla sp.,0,0,0,0,0,0,0,0,3,0,0,0,0,0,0,0,0,0,0,0,0,0,0,0,0,0,0,0,0,0,0,0,0,0,0,0,0,0,0,0,0,0,0,0,0,0,0,0,0,0,0,0,0,0,0,0,0,0,0,0,0,0,0,0,0,0,0,0,0,0,0,0,0,0,0,0,0,0,0,0,0,0,0,0,0,0,0,0,0,0,0,0,0,0,0,0,0,0,0,0
Plecoptera,Perlidae,Perla grandis,0,0,0,0,0,0,0,0,0,0,0,0,0,0,0,0,0,0,0,0,0,0,0,0,0,0,0,0,0,0,0,0,0,0,0,0,0,0,0,0,0,0,0,0,0,0,0,0,0,0,0,0,0,0,0,0,0,0,0,0,0,0,0,0,0,0,0,0,1,0,0,0,0,0,0,0,0,0,5,0,0,0,0,0,0,0,0,0,0,0,0,0,0,0,0,0,0,0,0,0
Plecoptera,Perlidae,Perla marginata,0,0,0,0,0,0,0,0,0,0,0,0,0,0,0,0,0,0,0,0,0,0,0,0,0,0,0,0,0,0,0,0,0,0,0,0,0,0,0,0,0,0,0,0,0,0,0,0,0,0,0,0,0,0,4,0,0,0,0,0,0,0,0,0,0,0,0,0,0,0,0,0,0,0,0,0,0,0,0,0,0,0,0,0,0,0,0,0,0,0,0,0,0,0,0,0,0,0,0,0
Plecoptera,Perlidae,Dinocras cephalotes,0,0,0,0,0,0,0,0,0,0,0,0,0,0,0,0,0,0,0,0,0,0,0,0,0,0,0,0,0,0,4,0,0,0,0,0,0,0,0,0,0,0,0,0,0,0,0,0,0,0,0,0,0,0,0,0,0,0,0,0,0,0,0,0,0,0,0,0,1,0,0,0,0,0,0,0,0,0,0,0,0,0,0,0,0,0,0,0,0,0,0,0,0,0,0,0,0,0,0,0
Plecoptera,Perlodidae,Dictyogenus alpinus,0,0,0,0,0,0,0,0,0,0,0,0,0,0,0,0,0,0,0,0,0,0,0,0,0,0,0,0,0,0,0,0,0,0,0,0,0,0,0,2,0,0,0,0,0,0,0,0,0,0,0,0,0,0,0,0,0,0,0,0,0,0,0,0,0,0,0,0,0,0,0,0,0,0,0,0,0,0,0,0,0,0,0,0,0,0,0,0,0,0,0,0,0,0,0,0,0,0,0,0
Plecoptera,Perlodidae,Isoperla carbonaria,0,0,0,0,0,0,0,0,0,0,0,0,0,0,0,0,0,0,0,0,0,0,0,0,0,0,0,0,0,0,0,0,0,0,0,0,0,0,0,0,0,0,0,0,0,0,0,0,0,0,0,0,0,0,0,0,0,0,0,0,0,0,0,0,0,0,0,0,0,0,0,0,0,6,0,0,0,0,0,0,0,0,0,0,0,0,0,0,0,0,0,0,0,0,0,0,0,0,0,0
Plecoptera,Perlodidae,Isoperla grammatica,0,0,0,0,2,0,0,2,2,13,15,0,0,41,0,0,0,0,0,0,0,0,78,0,0,0,0,0,1,0,0,0,0,0,0,0,0,0,0,11,0,0,0,0,0,0,14,0,40,0,0,0,0,0,3,0,0,0,0,1,0,0,0,0,0,0,0,0,12,0,21,0,2,0,0,0,0,0,1,9,0,0,0,0,0,0,0,0,0,0,0,0,0,1,0,0,0,0,0,0
Plecoptera,Perlodidae,Isoperla rivulorum,0,0,0,0,0,0,0,0,0,0,0,0,0,0,0,0,0,0,0,0,1,0,0,0,0,0,0,0,0,0,0,0,0,0,0,0,1,3,0,1,0,0,0,0,0,0,0,0,0,0,0,0,0,0,0,0,0,0,0,0,0,0,0,0,0,0,0,0,0,0,0,0,0,0,0,0,0,0,2,0,0,0,0,0,0,0,0,0,14,0,0,0,0,0,0,0,0,0,0,0
Plecoptera,Perlodidae,Isoperla sp.,0,0,0,0,0,0,0,0,0,0,0,1,0,0,0,2,0,0,0,0,0,0,25,0,0,0,0,0,0,0,0,0,0,0,0,0,0,0,0,23,4,0,0,0,0,0,30,0,40,0,0,0,0,0,0,0,0,0,0,0,0,0,0,0,0,0,0,0,16,0,0,0,0,4,0,0,0,0,0,0,0,0,0,0,0,0,1,0,0,0,0,0,0,0,0,4,0,0,0,0
Plecoptera,Perlodidae,Perlodes jurassicus,0,0,0,0,0,0,0,0,0,0,0,1,0,0,0,0,0,0,0,0,0,0,0,0,0,0,0,0,0,0,0,0,0,0,0,0,0,0,0,0,0,0,0,0,0,0,0,0,0,0,0,0,0,0,0,0,0,0,0,0,0,0,0,0,0,0,1,0,0,0,0,0,0,0,0,0,0,0,0,0,0,0,0,0,0,0,0,0,0,0,0,0,0,0,0,0,0,0,0,0
Plecoptera,Perlodidae,Perlodes microcephalus,0,0,0,0,0,0,0,0,0,0,0,3,0,0,0,0,0,0,0,0,0,0,0,0,0,0,0,0,0,0,0,0,0,0,0,0,0,0,0,0,0,0,0,0,0,0,0,0,0,0,0,0,0,0,0,0,0,0,0,0,0,0,0,0,0,0,0,0,0,0,0,0,0,0,0,0,0,0,0,0,0,0,0,0,0,0,0,0,0,0,0,0,0,0,0,0,0,0,0,0
Plecoptera,Perlodidae,Perlodes sp.,0,0,0,0,0,0,0,0,0,0,0,0,0,0,0,0,0,0,0,0,0,0,0,0,0,0,0,0,0,0,0,0,0,0,0,0,0,0,0,0,0,0,0,0,0,0,0,0,0,0,0,0,0,0,0,0,0,0,0,0,0,0,0,0,0,0,1,0,0,0,0,0,0,0,0,0,0,0,0,0,0,0,0,0,0,0,0,0,0,0,0,0,0,0,0,0,0,0,0,0
Plecoptera,Taeniopterygidae,Brachyptera risi,0,0,10,0,0,0,5,2,0,52,68,51,16,0,0,11,0,0,0,3,29,0,9,0,0,0,1,2,5,122,101,4,1,286,80,0,0,0,0,0,0,0,0,0,9,3,37,0,0,1,0,2,14,0,0,0,0,0,0,2,0,0,0,0,0,0,19,0,15,0,0,43,60,0,0,0,0,0,0,14,0,1,3,0,0,0,300,0,0,0,0,0,37,11,0,35,8,0,5,0
Plecoptera,Taeniopterygidae,Rhabdiopteryx sp.,0,0,0,0,0,0,0,0,0,0,0,0,0,0,0,0,0,0,0,0,0,49,0,0,0,0,0,0,0,0,0,0,0,0,0,0,0,0,0,0,0,4,0,0,0,0,0,0,0,0,0,0,0,0,0,0,0,0,0,0,0,0,0,0,0,0,0,0,0,0,0,0,0,0,0,0,0,0,0,0,0,0,0,0,0,0,0,0,0,0,0,0,0,0,0,0,0,0,0,0
Plecoptera,Taeniopterygidae,Brachyptera seticornis,0,0,0,0,0,0,0,0,0,0,0,1,0,0,0,0,0,0,0,0,5,0,0,0,0,0,0,0,0,0,0,0,0,0,0,0,0,0,0,0,0,0,0,0,0,0,0,0,0,0,0,0,0,0,0,0,0,0,0,0,0,0,0,0,0,0,0,0,0,0,0,0,0,0,0,0,0,0,0,0,0,0,0,0,0,0,0,0,0,0,0,0,0,0,0,0,0,0,0,0
Trichoptera,Glossosomatidae,Glossosoma sp.,0,0,0,0,0,0,0,0,0,1,0,0,0,1,0,0,0,0,0,6,0,0,0,0,0,0,0,0,0,0,0,0,0,0,0,0,0,0,0,0,0,0,0,0,0,0,0,0,0,0,0,0,0,0,0,1,0,0,0,0,0,0,0,0,0,0,1,0,2,0,0,0,0,0,0,0,0,0,0,0,0,0,0,0,0,0,1,0,0,0,0,0,0,0,0,0,0,0,0,0
Trichoptera,Glossosomatidae,Agapetus ochripes,0,0,0,0,0,0,0,0,0,0,0,0,0,0,0,0,0,0,0,0,0,0,0,0,0,0,0,0,0,0,0,0,0,0,0,0,35,0,0,0,0,0,0,0,0,0,0,0,0,0,0,0,0,0,0,0,0,0,0,0,0,0,0,0,0,0,0,0,0,0,0,0,0,0,0,0,10,0,0,0,0,0,0,0,0,0,0,0,0,0,0,0,0,0,0,0,0,0,0,0
Trichoptera,Glossosomatidae,Synagapetus dubitans,0,0,0,0,0,0,0,0,0,0,0,0,0,0,0,0,0,0,0,0,0,0,0,0,0,0,0,0,0,0,0,0,0,0,0,0,0,0,0,0,0,0,0,0,0,0,0,0,0,0,0,0,0,0,0,0,0,0,3,0,0,0,0,0,0,0,0,0,0,0,0,0,0,0,0,0,0,0,0,0,0,0,0,0,0,0,0,0,0,0,0,0,0,0,0,0,0,0,0,0
Trichoptera,Goeridae,Silo pallipes,0,0,2,0,0,0,0,0,0,0,0,0,0,11,0,0,1,0,0,0,0,0,1,0,0,0,0,0,1,0,0,0,0,0,0,0,0,0,0,0,0,0,0,0,0,0,2,0,1,0,0,0,0,0,1,6,0,0,0,0,0,0,0,0,0,0,0,0,0,0,0,0,0,0,0,0,0,0,0,0,0,0,0,0,0,0,0,0,0,0,0,0,0,0,0,0,0,0,0,0
Trichoptera,Goeridae,Silo nigricornis,0,0,0,0,0,0,0,0,0,0,0,0,0,0,0,0,0,0,0,0,0,0,0,0,0,0,0,0,0,0,0,0,0,2,0,0,1,0,0,0,0,0,0,0,0,0,0,0,0,0,0,0,0,0,0,0,0,0,0,0,0,0,0,0,0,0,0,1,0,0,0,0,1,0,0,0,6,0,0,0,0,0,0,0,0,0,0,0,0,0,0,0,0,0,0,0,0,0,0,0
Trichoptera,Hydropsychidae,Hydropsyche angustipennis,0,0,0,0,0,0,0,0,0,0,0,0,0,0,0,0,0,0,0,0,0,0,0,0,0,0,0,0,0,0,0,0,0,0,0,0,0,0,0,0,0,0,0,0,0,7,0,0,0,0,0,0,0,0,0,0,0,0,0,0,0,2,0,0,0,0,0,0,0,0,0,0,0,0,0,9,0,0,0,0,0,0,0,0,0,0,0,0,0,0,0,0,0,0,0,0,0,0,0,0
Trichoptera,Hydropsychidae,Hydropsyche dinarica,0,0,0,0,0,0,0,0,0,0,0,0,0,0,0,0,0,0,0,0,0,0,0,0,1,0,0,0,0,0,0,0,0,0,0,0,0,0,0,0,0,0,0,0,0,0,0,0,0,0,0,0,0,0,0,0,0,0,0,0,0,0,0,0,0,0,0,0,0,0,0,0,0,0,0,0,0,0,0,0,0,0,0,0,0,0,0,0,0,0,0,0,0,0,0,0,0,0,0,0
Trichoptera,Hydropsychidae,Hydropsyche incognita,0,0,0,0,0,0,0,0,0,0,0,0,0,0,0,0,0,0,0,0,0,0,0,0,0,0,0,0,0,0,0,0,0,0,0,0,0,0,0,0,0,0,0,0,0,0,0,1,0,0,0,0,0,0,0,0,0,0,0,0,0,0,0,0,0,0,0,0,0,0,0,0,0,0,0,0,0,0,0,0,0,0,0,0,0,0,0,0,0,0,0,0,1,0,0,0,0,0,0,0
Trichoptera,Hydropsychidae,Hydropsyche instabilis,0,413,0,0,0,1,54,9,0,11,8,0,0,55,0,0,0,0,0,0,0,0,13,0,0,0,0,5,45,0,0,53,60,0,14,0,0,0,0,0,0,0,0,7,0,0,158,0,400,0,0,0,0,0,3,0,0,1,0,25,0,0,1,0,34,16,0,13,0,0,0,0,0,1,0,0,0,0,0,0,0,0,0,0,0,0,0,0,0,0,0,0,42,33,0,0,0,0,7,0
Trichoptera,Hydropsychidae,Hydropsyche pellucidula,0,0,0,0,0,0,0,0,0,0,0,0,0,0,0,0,0,0,0,0,0,0,0,0,0,0,0,0,0,0,0,0,0,0,0,0,0,0,0,0,0,0,0,0,0,0,0,1,0,0,0,0,0,0,0,0,22,0,0,0,0,0,0,0,0,0,0,0,0,0,0,0,0,0,0,0,0,0,0,0,0,0,0,0,0,0,0,0,0,0,0,0,0,0,0,0,0,0,0,0
Trichoptera,Hydropsychidae,Hydropsyche siltalai,18,46,0,0,0,0,15,46,0,0,0,0,0,0,1,0,0,0,0,0,0,0,0,0,2,0,0,0,6,0,0,0,0,0,0,0,0,0,0,0,0,0,0,1,2,0,2,9,0,2,2,0,0,0,0,0,2,0,0,0,0,0,0,0,0,0,0,0,0,0,0,0,20,0,0,0,0,3,0,0,0,0,0,0,0,0,12,0,0,0,0,0,9,1,0,0,0,0,0,0
Trichoptera,Hydropsychidae,Hydropsyche sp.,4,0,19,6,0,0,0,0,1,31,0,18,23,239,18,222,0,0,13,0,195,0,0,0,0,0,13,4,0,28,23,0,0,0,0,0,0,0,0,0,0,2,0,0,26,0,0,4,20,0,10,0,0,11,0,0,3,0,0,0,0,0,0,0,0,0,0,0,0,0,0,6,0,35,0,1,0,0,0,12,0,0,0,0,33,4,0,0,0,0,51,0,0,0,0,51,8,0,0,0
Trichoptera,Hydropsychidae,Hydropsyche tenuis,0,0,0,0,0,0,1,0,0,0,0,0,0,0,0,0,0,0,0,0,33,0,0,0,0,0,0,0,0,0,0,0,0,0,0,0,0,0,0,1,0,0,0,0,0,0,0,0,0,0,0,0,0,3,0,0,0,0,0,0,0,0,0,0,0,0,63,0,17,0,0,0,0,5,0,0,0,0,0,0,0,0,0,0,0,0,0,0,0,0,0,0,0,0,0,0,0,0,0,0
Trichoptera,Hydroptilidae,Hydroptila sp.,0,0,0,0,0,0,6,0,0,0,0,0,0,0,0,0,0,0,0,0,0,0,2,0,2,0,0,0,0,0,0,0,1,0,0,1,0,0,0,0,0,0,0,0,2,0,0,0,0,0,0,0,0,0,0,1,1,0,1,0,0,0,0,0,0,4,0,13,0,0,0,0,0,1,0,0,0,0,0,0,0,0,0,0,0,0,0,0,0,0,0,0,3,0,0,0,0,0,1,0
Trichoptera,Lepidostomatidae,Crunoecia irrorata,0,0,0,0,0,0,0,0,0,1,0,0,0,0,0,0,0,0,0,0,0,0,0,0,0,0,0,0,0,0,0,0,0,0,0,0,0,0,0,0,0,0,0,0,0,0,0,0,0,0,0,0,0,0,0,0,0,0,0,0,0,0,0,0,0,0,0,0,0,0,0,0,0,0,0,0,0,0,0,0,0,0,0,0,0,0,0,0,0,0,0,0,0,0,0,0,0,0,0,0
Trichoptera,Leptoceridae,Leptoceridae,0,0,0,0,0,0,0,0,0,0,0,0,0,0,0,0,0,0,0,0,0,0,0,0,0,0,0,0,0,0,0,0,0,0,0,0,0,0,0,0,0,0,0,0,0,0,0,0,0,0,0,0,0,0,0,0,0,0,0,0,0,0,0,0,0,0,0,0,0,0,0,0,0,0,0,0,0,0,0,0,0,0,0,0,0,0,0,0,0,0,0,0,0,0,0,0,0,0,1,0
Trichoptera,Limnephilidae,Allogamus auricollis,0,0,0,0,0,0,0,0,19,0,0,0,0,0,0,0,200,0,0,0,0,0,0,0,0,0,0,0,0,0,0,0,0,0,0,0,78,0,0,1,0,0,0,0,0,0,0,0,0,0,0,0,0,0,0,0,0,0,0,0,0,0,0,0,0,0,0,0,1,0,0,0,0,0,0,0,0,0,0,0,0,0,0,0,0,0,0,0,0,0,0,0,0,0,0,0,0,0,0,0
Trichoptera,Limnephilidae,Anabolia nervosa,0,0,0,0,0,0,0,0,0,0,0,0,0,0,0,0,0,11,0,0,0,0,0,0,0,0,0,0,0,0,0,0,0,0,0,0,0,0,0,0,0,0,0,0,0,0,0,0,0,0,0,0,0,0,0,0,1,0,0,0,0,0,0,0,0,0,0,0,0,0,0,0,0,0,0,0,0,0,0,0,0,0,0,0,0,0,0,0,0,0,0,0,0,0,0,0,0,0,0,0
Trichoptera,Limnephilidae,Drusus annulatus,0,52,0,15,0,0,0,0,0,0,0,0,0,0,0,0,0,0,0,1,0,0,16,0,0,0,0,0,0,0,13,0,1,0,0,0,0,0,0,0,0,0,0,2,0,0,0,0,0,0,0,0,0,0,0,0,0,0,0,0,0,0,0,0,0,1,0,0,0,0,0,0,0,0,0,0,0,0,0,17,0,0,59,0,0,0,0,0,0,0,0,0,0,0,0,0,0,0,0,0
Trichoptera,Limnephilidae,Drusus biguttatus,0,0,0,0,0,0,0,0,0,0,0,0,0,0,0,0,0,0,0,0,0,2,0,0,0,0,0,0,0,0,0,0,0,0,0,0,0,2,0,0,33,0,0,0,0,0,0,0,0,0,0,0,0,0,0,0,0,0,0,0,0,0,0,0,0,0,0,0,0,0,0,0,0,0,0,0,0,0,0,0,0,0,0,0,0,0,0,0,0,0,0,0,0,0,0,0,0,0,0,0
Trichoptera,Limnephilidae,Drusus discolor,0,0,0,0,0,0,0,0,0,0,0,0,0,0,0,0,0,0,0,0,0,0,0,0,0,0,0,0,0,0,0,0,0,0,0,0,0,1,0,0,12,0,0,0,0,0,0,0,0,0,0,0,0,0,0,0,0,0,0,0,0,0,0,0,0,0,0,0,0,0,0,0,0,0,0,0,0,0,0,0,0,0,0,0,0,0,0,0,0,0,0,0,0,0,0,0,0,0,0,0
Trichoptera,Limnephilidae,Chaetopt. & Stenoph.-K.,2,0,19,17,3,0,0,0,0,4,0,9,0,9,8,0,260,0,1,32,29,0,0,0,0,0,23,10,26,89,12,7,0,4,0,62,0,0,0,6,0,0,1,33,48,4,9,0,0,2,0,0,7,0,1,1,0,58,13,0,0,0,8,50,0,3,0,3,0,0,35,0,4,1,0,30,0,0,1,0,0,11,0,0,45,0,4,0,13,0,0,8,0,6,0,12,0,22,0,9
Trichoptera,Limnephilidae,Chaetopteryx villosa,0,0,0,0,0,0,0,0,0,0,0,0,0,8,2,0,0,1,0,0,0,0,0,0,0,0,0,0,0,0,0,0,0,0,0,0,0,0,0,0,0,0,0,0,0,0,0,0,0,0,0,0,0,0,0,0,0,0,0,0,0,0,0,0,0,0,0,0,0,0,0,0,0,0,0,0,0,0,0,0,0,0,0,0,0,0,0,0,0,0,0,0,0,0,0,0,0,0,0,0
Trichoptera,Limnephilidae,Ecclisopteryx madida,0,0,0,0,0,0,0,0,0,0,0,0,0,0,0,0,0,0,0,0,0,0,0,0,0,0,0,0,0,0,0,0,0,0,0,0,0,0,0,0,0,0,0,0,0,0,3,0,0,0,0,0,0,0,0,0,0,0,0,0,0,0,0,0,0,0,0,0,0,0,0,0,0,0,0,0,0,0,0,0,0,0,0,0,0,0,0,0,0,0,0,0,0,0,0,0,0,0,0,0
Trichoptera,Limnephilidae,Glyphotaelius pellucidus,0,0,0,0,0,0,0,0,0,0,0,0,0,0,0,0,0,4,0,0,0,0,0,0,0,0,0,0,0,0,0,0,0,0,0,0,0,0,0,0,0,0,0,0,0,0,0,0,0,0,0,0,0,0,0,0,0,0,0,0,0,1,0,0,0,0,0,0,0,0,0,0,0,0,0,0,0,0,0,0,0,0,0,0,0,0,0,0,0,0,0,0,0,0,0,0,0,0,0,0
Trichoptera,Limnephilidae,Halesus radiatus,4,2,0,5,0,0,3,0,0,0,0,0,0,0,1,1,0,2,2,0,0,0,47,0,3,0,6,0,9,0,0,1,0,0,0,11,0,0,0,0,0,0,0,6,0,16,0,0,7,0,1,0,0,0,0,0,2,0,0,0,0,0,0,0,4,0,0,0,0,0,0,0,4,0,0,0,20,4,0,0,0,0,0,0,0,0,0,0,0,0,0,8,1,0,0,0,1,0,9,0
Trichoptera,Limnephilidae,Halesus rubricollis,0,0,0,0,0,0,0,0,0,0,0,0,0,0,0,0,0,0,0,0,0,0,0,0,0,0,0,0,0,0,0,0,0,0,0,0,0,4,0,0,7,0,0,0,0,0,0,0,0,0,0,0,0,0,0,0,0,0,0,0,0,0,0,0,0,0,0,0,0,0,0,0,0,0,0,0,0,0,0,0,0,0,0,0,0,0,0,0,0,0,0,0,0,0,0,0,0,0,0,0
Trichoptera,Limnephilidae,Halesus sp.,0,0,0,0,0,0,0,0,0,0,0,0,0,0,0,0,0,0,2,0,0,0,0,0,0,0,13,1,0,2,9,0,0,0,0,0,0,0,0,0,0,0,0,0,4,0,0,0,0,0,0,0,0,0,0,11,0,0,0,0,0,0,0,0,0,0,0,0,0,0,1,0,0,0,0,0,0,0,0,0,0,0,3,1,2,0,0,0,0,0,0,0,0,2,0,0,0,0,0,0
Trichoptera,Limnephilidae,Limnephilini-K.,0,0,0,0,0,0,0,0,0,0,0,0,0,0,0,0,0,58,0,0,0,0,0,0,0,0,0,0,0,0,0,0,0,2,0,0,0,0,0,1,0,0,0,0,0,1,0,3,0,0,0,35,1,0,0,0,18,32,0,0,61,167,0,18,0,0,0,1,0,0,1,0,0,0,5,13,0,0,0,0,0,0,0,0,0,0,0,32,0,0,0,0,16,0,5,0,1,7,1,0
Trichoptera,Limnephilidae,Limnephilus lunatus,0,0,0,0,0,0,0,0,0,0,0,0,0,0,0,0,0,0,0,0,0,0,0,1,0,0,0,0,0,0,0,0,0,0,0,0,0,0,0,0,0,0,0,0,0,0,0,0,0,0,0,0,0,0,0,1,0,0,0,0,0,0,0,0,0,0,0,0,0,0,0,0,0,0,0,0,0,0,0,0,0,0,0,0,0,0,0,0,0,0,0,0,0,0,0,0,0,0,0,0
Trichoptera,Limnephilidae,Limnephilus rhombicus,0,0,0,0,0,0,0,0,0,0,0,0,0,0,0,0,0,0,0,0,0,0,0,0,0,0,0,0,0,0,0,0,0,0,0,0,0,0,0,0,0,0,0,0,0,0,0,0,0,0,0,0,0,0,0,0,0,0,0,0,0,0,0,0,0,0,0,0,0,0,0,0,0,0,0,0,0,0,0,0,0,0,0,0,0,0,0,0,0,0,0,0,0,0,1,0,0,0,0,0
Trichoptera,Limnephilidae,Melampophylax mucoreus,0,0,0,5,0,0,0,0,0,0,0,0,0,0,0,0,0,0,0,0,0,0,0,0,0,0,0,0,0,0,0,0,0,0,0,0,0,0,0,0,0,0,0,31,1,0,0,0,0,0,0,0,0,0,0,0,0,0,0,0,0,0,0,0,0,0,0,0,0,0,0,0,0,0,0,0,0,0,0,0,0,0,0,0,0,0,0,0,0,0,0,0,0,0,0,0,0,0,0,0
Trichoptera,Limnephilidae,Metanoea rhaetica,0,0,0,0,0,0,0,0,0,0,0,0,0,0,0,0,0,0,0,0,0,0,0,0,0,0,0,0,0,0,0,0,0,0,0,0,0,0,0,0,18,0,0,0,0,0,0,0,0,0,0,0,0,0,0,0,0,0,0,0,0,0,0,0,0,0,0,0,0,0,0,0,0,0,0,0,0,0,0,0,0,0,0,0,0,0,0,0,0,0,0,0,0,0,0,0,0,0,0,0
Trichoptera,Limnephilidae,Micropterna nycterobia,0,0,0,0,0,0,0,0,0,0,0,0,0,0,0,0,0,0,0,0,0,0,0,0,0,0,0,0,1,0,0,0,0,0,0,0,0,0,0,0,0,0,0,0,0,0,0,0,0,0,0,0,0,0,0,0,0,0,0,0,0,8,0,1,0,0,0,0,0,0,0,0,0,0,0,0,0,0,0,0,0,0,0,0,0,0,0,1,0,0,0,0,0,0,0,0,0,0,0,0
Trichoptera,Limnephilidae,Potamophylax cingulatus,0,0,0,0,0,0,4,7,4,3,0,0,0,8,0,0,0,0,3,0,0,0,3,0,0,0,2,0,4,23,0,0,9,3,1,5,4,0,0,1,0,0,0,4,0,0,0,0,3,0,1,0,1,20,0,0,0,0,4,0,0,0,2,0,0,0,17,0,1,0,0,23,1,1,0,0,0,6,0,9,0,1,25,0,0,0,0,0,0,0,0,0,0,1,0,0,1,0,1,4
Trichoptera,Limnephilidae,Potamophylax sp.,0,0,0,0,0,0,0,0,0,0,0,0,8,0,0,0,200,0,0,0,0,0,0,0,0,0,0,13,0,1,9,0,0,0,0,0,0,0,0,0,0,0,0,0,0,0,2,0,0,0,0,0,0,0,0,0,1,0,0,0,0,0,0,0,0,0,0,0,0,0,0,0,0,0,0,0,7,0,0,0,0,0,0,0,0,3,0,0,0,0,0,0,0,0,0,0,0,0,0,0
Trichoptera,Limnephilidae,Stenophylax permistus,0,0,0,0,0,0,0,0,0,0,0,0,0,0,0,0,0,1,0,0,0,0,0,0,0,0,0,0,0,0,0,0,0,0,0,0,0,0,0,0,0,0,0,0,0,0,0,0,0,0,0,0,0,0,0,0,0,0,0,0,0,0,0,0,0,0,0,0,0,1,0,0,0,0,0,0,0,0,0,0,0,6,0,0,0,2,0,0,0,0,0,0,0,0,0,0,0,0,0,0
Trichoptera,Molannidae,Molannidae,0,0,0,0,0,0,0,0,0,0,0,0,0,0,11,0,0,0,0,0,0,0,0,0,0,0,0,0,0,0,0,0,0,0,0,0,0,0,0,0,0,0,0,0,0,0,0,0,0,0,0,0,0,0,0,0,0,0,0,0,0,0,0,0,0,0,0,0,0,0,0,0,0,0,0,0,0,0,0,0,0,0,0,0,0,0,0,0,0,0,0,0,0,0,0,0,0,0,0,0
Trichoptera,Odontoceridae,Odontocerum albicorne,3,1,4,0,0,0,1,4,0,0,0,2,0,10,0,0,0,0,1,4,5,0,7,0,6,0,0,0,2,0,33,2,0,0,0,8,0,0,0,0,0,0,0,3,6,2,1,0,0,1,0,0,0,0,1,0,0,0,11,0,0,0,1,0,0,0,5,4,0,0,0,0,0,0,0,0,0,0,0,0,0,0,0,0,0,0,0,0,0,0,0,0,1,0,0,5,0,0,0,0
Trichoptera,Philopotamidae,Philopotamus ludificatus,0,0,5,0,0,0,0,0,0,1,0,0,0,0,0,0,0,0,0,0,1,0,0,0,0,0,0,0,0,0,0,0,0,0,0,0,0,0,0,0,0,0,0,0,0,0,0,0,0,0,0,0,0,0,0,0,0,0,0,0,0,0,0,0,0,0,3,0,0,0,0,0,0,0,0,0,0,0,0,0,0,0,0,0,0,0,1,0,0,0,0,0,0,0,0,0,0,0,0,0
Trichoptera,Philopotamidae,Wormaldia copiosa,0,0,0,0,0,0,0,0,0,0,0,0,0,0,0,0,0,0,0,0,0,0,0,0,0,0,0,0,0,0,0,0,0,0,0,0,0,0,0,0,0,0,0,0,0,0,0,0,0,0,0,0,0,0,0,0,0,0,0,0,0,0,0,0,0,0,0,0,0,0,0,0,0,0,0,0,0,0,6,0,0,0,0,0,0,0,0,0,0,0,0,0,0,0,0,0,0,0,0,0
Trichoptera,Philopotamidae,Wormaldia occipitalis,0,0,0,0,0,0,0,0,0,0,0,0,1,0,0,0,0,0,0,0,0,0,0,0,0,0,0,0,0,0,0,0,0,0,0,0,0,0,0,0,0,0,0,0,0,0,0,0,0,0,0,0,0,1,0,0,0,0,0,0,0,0,1,0,0,0,0,0,0,0,0,0,0,0,0,0,0,0,0,0,0,0,0,0,0,0,0,0,0,0,0,0,0,0,0,0,0,0,0,0
Trichoptera,Phryganeidae,Agrypnia varia,0,0,0,0,0,0,0,0,0,0,0,0,0,0,0,0,0,0,0,0,0,0,0,0,0,0,0,0,0,0,0,0,0,0,0,0,0,0,0,1,0,0,0,0,0,0,0,0,0,0,0,0,0,0,0,0,0,0,0,0,0,0,0,0,0,0,0,0,0,0,0,0,0,0,0,0,0,0,0,0,0,0,0,0,0,0,0,0,0,0,0,0,0,0,0,0,0,0,0,0
Trichoptera,Polycentropodidae,Plectrocnemia conspersa,0,0,0,0,0,0,0,0,0,0,0,0,0,0,0,0,1,0,0,0,0,0,0,0,0,20,0,0,0,0,0,0,0,0,0,6,0,0,0,0,0,0,0,0,0,0,0,0,0,0,0,0,1,0,0,0,0,0,0,0,0,0,3,0,0,0,0,0,0,0,8,0,1,0,0,0,0,9,0,1,0,0,0,0,0,0,0,0,0,0,0,0,0,0,0,0,2,0,0,4
Trichoptera,Polycentropodidae,Plectrocnemia sp.,0,0,2,0,3,0,0,0,0,0,0,0,6,0,0,0,0,0,0,0,0,0,3,0,0,0,0,3,1,0,0,0,0,1,0,0,0,0,0,0,0,0,0,1,0,0,0,0,0,0,0,0,16,0,0,0,0,0,0,0,0,0,0,0,3,1,0,0,0,0,4,0,0,0,0,0,1,0,0,0,0,1,0,0,0,0,0,0,0,0,0,0,0,0,0,0,0,0,3,4
Trichoptera,Polycentropodidae,Polycentropus flavomaculatus,0,0,0,0,0,0,11,0,0,0,0,0,0,0,0,0,0,0,0,0,0,0,0,0,0,0,0,0,0,0,0,0,0,0,0,0,0,0,0,0,0,0,0,0,0,0,0,0,0,1,0,0,0,0,0,0,0,0,0,0,0,0,0,0,0,0,0,0,0,0,0,0,2,0,0,0,0,0,0,0,0,0,0,0,0,0,0,0,0,0,0,0,0,0,0,0,0,0,0,0
Trichoptera,Psychomyiidae,Psychomyia pusilla,0,0,0,0,0,0,0,0,0,0,0,0,0,0,0,0,0,0,0,0,0,0,0,0,0,0,0,0,0,0,0,0,0,0,0,0,0,0,0,0,0,0,0,0,0,0,0,23,0,0,0,0,0,0,0,0,0,0,0,0,0,0,0,0,0,0,0,0,0,0,0,0,0,0,0,0,0,0,0,0,0,0,0,0,0,0,0,0,0,0,0,0,0,0,0,0,0,0,0,0
Trichoptera,Psychomyiidae,Tinodes dives,0,0,0,0,0,0,0,0,0,0,0,0,0,0,0,0,0,0,0,0,0,0,0,0,0,0,0,0,0,0,0,0,0,0,0,0,10,0,0,0,1,0,0,0,0,0,0,0,0,0,0,0,0,0,0,0,0,0,0,0,0,0,0,0,0,0,0,0,0,0,0,0,0,0,0,0,0,0,0,0,0,0,0,0,0,0,0,0,0,0,0,0,0,0,0,0,0,0,0,0
Trichoptera,Psychomyiidae,Tinodes rostocki,0,0,0,0,0,0,0,0,0,0,0,0,0,0,0,0,0,0,0,0,0,0,0,0,0,0,5,0,0,2,0,0,0,0,0,0,0,0,0,0,0,0,0,0,0,0,0,0,0,0,0,0,0,0,0,0,0,0,0,0,0,0,0,0,0,0,0,0,0,0,0,0,0,0,0,0,0,0,0,0,0,0,0,0,0,0,0,0,0,0,0,0,0,0,0,0,0,0,0,3
Trichoptera,Psychomyiidae,Tinodes unicolor,102,54,0,0,6,2,6,0,0,0,105,0,2,2,0,0,0,0,0,0,0,0,61,0,12,0,0,0,0,1,0,27,0,0,0,0,0,0,0,0,0,0,0,14,0,0,5,0,0,0,0,0,3,13,0,0,0,0,0,0,0,0,3,0,18,35,2,0,0,0,0,1,0,0,0,0,6,0,0,5,0,3,18,0,0,0,0,0,0,0,0,0,1,0,0,0,0,0,0,0
Trichoptera,Psychomyiidae,Tinodes sp.,0,0,58,0,0,0,0,0,0,0,0,0,0,0,0,0,0,0,0,1,8,0,0,0,0,0,0,19,0,0,2,0,0,0,0,0,0,0,0,0,0,0,0,0,2,0,0,0,2,0,0,0,0,0,0,0,0,0,0,0,0,0,0,0,0,0,0,0,0,0,0,0,0,0,0,1,0,0,0,0,0,0,0,0,0,19,1,0,0,0,0,0,0,0,0,1,0,0,1,1
Trichoptera,Psychomyiidae,Lype reducta,0,0,0,0,6,0,0,0,0,0,0,0,0,0,0,0,0,0,0,0,0,0,0,0,0,0,0,5,1,0,2,0,0,0,0,13,0,0,0,0,0,0,0,0,0,0,0,0,0,0,0,0,0,0,0,0,5,9,0,0,0,0,1,0,0,0,0,0,0,0,0,0,0,0,0,0,0,1,0,0,0,0,0,3,0,0,0,0,0,0,0,0,0,0,0,0,0,0,0,0
Trichoptera,Psychomyiidae,Lype sp.,0,0,0,0,0,0,0,0,0,0,0,0,0,0,1,0,0,0,0,0,0,0,0,0,0,0,0,0,0,0,0,0,0,0,0,0,0,0,0,0,0,0,0,0,0,0,0,0,0,0,0,0,0,0,0,0,0,0,0,0,0,0,0,0,0,0,0,0,0,0,0,0,0,0,0,0,0,0,0,0,0,0,0,0,0,0,0,0,0,0,0,0,0,0,0,0,0,0,0,0
Trichoptera,Rhyacophilidae,Rhyacophila intermedia,0,0,0,0,0,0,0,0,0,0,0,0,0,0,0,0,0,0,0,0,0,0,0,0,0,0,0,0,0,0,0,0,0,0,0,0,0,1,0,0,0,0,0,0,0,0,0,0,0,0,0,0,0,0,0,0,0,0,0,0,0,0,0,0,0,0,0,0,0,0,0,0,0,0,0,0,0,0,0,0,0,0,0,0,0,0,0,0,0,0,0,0,0,0,0,0,0,0,0,0
Trichoptera,Rhyacophilidae,Rhyacophila pubescens,0,0,0,4,7,0,0,0,0,0,15,0,7,0,0,0,0,0,0,0,0,0,2,0,0,0,0,0,0,0,0,2,0,0,0,0,0,0,0,0,0,0,0,0,0,1,0,0,0,0,0,0,3,1,0,0,0,0,0,0,0,0,1,0,1,0,0,0,0,0,0,0,0,0,0,0,0,0,0,1,0,0,0,0,0,0,0,0,0,0,0,0,0,0,0,0,0,0,0,0
Trichoptera,Rhyacophilidae,Rhyacophila s.str,28,20,0,3,15,2,28,18,5,39,7,0,0,0,0,24,0,0,0,0,0,0,16,0,2,0,0,5,12,0,19,36,8,0,0,2,7,0,0,0,0,0,0,8,6,0,42,0,8,0,0,0,4,6,3,0,1,12,3,4,0,0,2,0,3,8,9,5,3,0,0,52,1,1,0,0,1,1,5,9,0,4,6,0,13,1,1,0,2,0,11,0,5,1,0,13,1,0,8,0
Trichoptera,Rhyacophilidae,Rhyacophila sp.,0,0,11,0,0,0,0,0,0,0,0,5,0,70,5,0,0,0,0,0,17,0,0,0,0,0,7,0,0,6,5,0,0,0,0,0,0,0,0,0,0,0,0,0,14,0,0,3,0,1,16,0,0,0,0,2,0,0,0,0,0,0,0,0,0,0,0,0,0,0,0,0,0,1,0,1,0,0,0,0,0,0,0,0,9,0,5,0,0,0,0,0,0,0,0,33,0,0,0,0
Trichoptera,Rhyacophilidae,Rhyacophila torrentium,0,0,0,0,0,0,0,0,0,0,0,0,0,0,0,0,0,0,0,0,0,12,0,0,0,0,0,0,0,0,0,0,0,0,0,0,0,0,0,0,1,0,0,0,0,0,0,0,0,0,0,0,0,0,0,0,0,0,0,0,0,0,0,0,0,0,0,0,0,0,0,0,0,0,0,0,0,0,8,0,0,0,0,0,0,0,2,0,0,0,0,0,0,0,0,0,0,0,0,0
Trichoptera,Rhyacophilidae,Rhyacophila tristis,2,0,47,0,0,2,3,0,0,9,4,0,0,0,1,0,0,0,0,0,0,0,5,0,0,0,0,0,0,0,0,7,0,0,0,0,3,0,0,0,1,0,0,0,0,0,3,0,0,0,0,0,0,0,0,0,0,0,0,1,0,0,0,0,1,1,1,0,0,0,0,0,1,0,0,0,0,0,0,0,0,0,0,0,0,0,0,0,0,0,0,0,0,2,0,0,0,0,2,0
Trichoptera,Sericostomatidae,Sericostoma sp.,0,0,6,0,0,0,0,0,0,1,0,0,6,1,0,0,7,0,0,13,0,0,0,0,0,1,0,3,0,2,6,1,0,0,0,0,0,0,0,6,0,0,0,3,8,0,0,0,1,0,0,0,0,0,0,0,0,0,3,0,0,0,1,0,0,1,4,0,3,0,0,4,0,0,0,0,0,0,0,1,0,0,0,0,0,0,2,0,2,0,0,0,1,0,0,7,0,0,0,0
