sample,project,type,season,site_code
FCN-1A,NAWA-TREND,n_control,NA,NA
FCN-1B,NAWA-TREND,n_control,NA,NA
FCN-1C,NAWA-TREND,n_control,NA,NA
FCN-1D,NAWA-TREND,n_control,NA,NA
FCN-2A,NAWA-TREND,n_control,NA,NA
FCN-2B,NAWA-TREND,n_control,NA,NA
FCN-3A,NAWA-TREND,n_control,NA,NA
FCN-3B,NAWA-TREND,n_control,NA,NA
FCN-4A,NAWA-TREND,n_control,NA,NA
FCN-4B,NAWA-TREND,n_control,NA,NA
PCN-1,NAWA-TREND,n_control,NA,NA
PCN-2,NAWA-TREND,n_control,NA,NA
PCN-3,NAWA-TREND,n_control,NA,NA
PCN-4,NAWA-TREND,n_control,NA,NA
PCP-1,NAWA-TREND,p_control,NA,NA
PCP-2,NAWA-TREND,p_control,NA,NA
PCP-3,NAWA-TREND,p_control,NA,NA
PCP-4,NAWA-TREND,p_control,NA,NA
T002-BSL1,NAWA-TREND,sample,spring,CH_002_BS
T002-BSL2,NAWA-TREND,sample,spring,CH_002_BS
T002-BSR1,NAWA-TREND,sample,spring,CH_002_BS
T002-BSR2,NAWA-TREND,sample,spring,CH_002_BS
T007-BEL1,NAWA-TREND,sample,spring,CH_007_BE
T007-BEL2,NAWA-TREND,sample,spring,CH_007_BE
T007-BER1,NAWA-TREND,sample,spring,CH_007_BE
T007-BER2,NAWA-TREND,sample,spring,CH_007_BE
T009-SOL1,NAWA-TREND,sample,spring,CH_009_SO
T009-SOL2,NAWA-TREND,sample,spring,CH_009_SO
T009-SOR1,NAWA-TREND,sample,spring,CH_009_SO
T009-SOR2,NAWA-TREND,sample,spring,CH_009_SO
T011-SOL1,NAWA-TREND,sample,spring,CH_011_SO
T011-SOL2,NAWA-TREND,sample,spring,CH_011_SO
T011-SOR1,NAWA-TREND,sample,spring,CH_011_SO
T011-SOR2,NAWA-TREND,sample,spring,CH_011_SO
T012-OWL1,NAWA-TREND,sample,spring,CH_012_OW
T012-OWL2,NAWA-TREND,sample,spring,CH_012_OW
T012-OWR1,NAWA-TREND,sample,spring,CH_012_OW
T012-OWR2,NAWA-TREND,sample,spring,CH_012_OW
T014-LUL1,NAWA-TREND,sample,spring,CH_014_LU
T014-LUL2,NAWA-TREND,sample,spring,CH_014_LU
T014-LUR1,NAWA-TREND,sample,spring,CH_014_LU
T014-LUR2,NAWA-TREND,sample,spring,CH_014_LU
T015-VSL1,NAWA-TREND,sample,spring,CH_015_VS
T015-VSL2,NAWA-TREND,sample,spring,CH_015_VS
T015-VSR1,NAWA-TREND,sample,spring,CH_015_VS
T015-VSR2,NAWA-TREND,sample,spring,CH_015_VS
T016-VSL1,NAWA-TREND,sample,spring,CH_016_VS
T016-VSL2,NAWA-TREND,sample,spring,CH_016_VS
T016-VSR1,NAWA-TREND,sample,spring,CH_016_VS
T016-VSR2,NAWA-TREND,sample,spring,CH_016_VS
T017-VSL1,NAWA-TREND,sample,spring,CH_017_VS
T017-VSL2,NAWA-TREND,sample,spring,CH_017_VS
T017-VSR1,NAWA-TREND,sample,spring,CH_017_VS
T017-VSR2,NAWA-TREND,sample,spring,CH_017_VS
T018-VSL1,NAWA-TREND,sample,spring,CH_018_VS
T018-VSL2,NAWA-TREND,sample,spring,CH_018_VS
T018-VSR1,NAWA-TREND,sample,spring,CH_018_VS
T018-VSR2,NAWA-TREND,sample,spring,CH_018_VS
T020-VDL1,NAWA-TREND,sample,spring,CH_020_VD
T020-VDL2,NAWA-TREND,sample,spring,CH_020_VD
T020-VDR1,NAWA-TREND,sample,spring,CH_020_VD
T020-VDR2,NAWA-TREND,sample,spring,CH_020_VD
T021-VDL1,NAWA-TREND,sample,spring,CH_021_VD
T021-VDL2,NAWA-TREND,sample,spring,CH_021_VD
T021-VDR1,NAWA-TREND,sample,spring,CH_021_VD
T021-VDR2,NAWA-TREND,sample,spring,CH_021_VD
T022-VDL1,NAWA-TREND,sample,spring,CH_022_VD
T022-VDL2,NAWA-TREND,sample,spring,CH_022_VD
T022-VDR1,NAWA-TREND,sample,spring,CH_022_VD
T022-VDR2,NAWA-TREND,sample,spring,CH_022_VD
T023-SGL1,NAWA-TREND,sample,spring,CH_023_SG
T023-SGL2,NAWA-TREND,sample,spring,CH_023_SG
T023-SGR1,NAWA-TREND,sample,spring,CH_023_SG
T023-SGR2,NAWA-TREND,sample,spring,CH_023_SG
T025-SGL1,NAWA-TREND,sample,spring,CH_025_SG
T025-SGL2,NAWA-TREND,sample,spring,CH_025_SG
T025-SGR1,NAWA-TREND,sample,spring,CH_025_SG
T025-SGR2,NAWA-TREND,sample,spring,CH_025_SG
T026-SGL1,NAWA-TREND,sample,spring,CH_026_SG
T026-SGL2,NAWA-TREND,sample,spring,CH_026_SG
T026-SGR1,NAWA-TREND,sample,spring,CH_026_SG
T026-SGR2,NAWA-TREND,sample,spring,CH_026_SG
T027-SGL1,NAWA-TREND,sample,spring,CH_027_SG
T027-SGL2,NAWA-TREND,sample,spring,CH_027_SG
T027-SGR1,NAWA-TREND,sample,spring,CH_027_SG
T027-SGR2,NAWA-TREND,sample,spring,CH_027_SG
T028-SGL1,NAWA-TREND,sample,spring,CH_028_SG
T028-SGL2,NAWA-TREND,sample,spring,CH_028_SG
T028-SGR1,NAWA-TREND,sample,spring,CH_028_SG
T028-SGR2,NAWA-TREND,sample,spring,CH_028_SG
T032-AGL1,NAWA-TREND,sample,spring,CH_032_AG
T032-AGL2,NAWA-TREND,sample,spring,CH_032_AG
T032-AGR1,NAWA-TREND,sample,spring,CH_032_AG
T032-AGR2,NAWA-TREND,sample,spring,CH_032_AG
T033-AGL1,NAWA-TREND,sample,spring,CH_033_AG
T033-AGL2,NAWA-TREND,sample,spring,CH_033_AG
T033-AGR1,NAWA-TREND,sample,spring,CH_033_AG
T033-AGR2,NAWA-TREND,sample,spring,CH_033_AG
T034-AGL1,NAWA-TREND,sample,spring,CH_034_AG
T034-AGL2,NAWA-TREND,sample,spring,CH_034_AG
T034-AGR1,NAWA-TREND,sample,spring,CH_034_AG
T034-AGR2,NAWA-TREND,sample,spring,CH_034_AG
T035-AGL1,NAWA-TREND,sample,spring,CH_035_AG
T035-AGL2,NAWA-TREND,sample,spring,CH_035_AG
T035-AGR1,NAWA-TREND,sample,spring,CH_035_AG
T035-AGR2,NAWA-TREND,sample,spring,CH_035_AG
T036-AGL1,NAWA-TREND,sample,spring,CH_036_AG
T036-AGL2,NAWA-TREND,sample,spring,CH_036_AG
T036-AGR1,NAWA-TREND,sample,spring,CH_036_AG
T036-AGR2,NAWA-TREND,sample,spring,CH_036_AG
T039-AGL1,NAWA-TREND,sample,spring,CH_039_AG
T039-AGL2,NAWA-TREND,sample,spring,CH_039_AG
T039-AGR1,NAWA-TREND,sample,spring,CH_039_AG
T039-AGR2,NAWA-TREND,sample,spring,CH_039_AG
T040-ZHL1,NAWA-TREND,sample,spring,CH_040_ZH
T040-ZHL2,NAWA-TREND,sample,spring,CH_040_ZH
T040-ZHR1,NAWA-TREND,sample,spring,CH_040_ZH
T040-ZHR2,NAWA-TREND,sample,spring,CH_040_ZH
T041-ZHL1,NAWA-TREND,sample,spring,CH_041_ZH
T041-ZHL2,NAWA-TREND,sample,spring,CH_041_ZH
T041-ZHR1,NAWA-TREND,sample,spring,CH_041_ZH
T041-ZHR2,NAWA-TREND,sample,spring,CH_041_ZH
T042-ZHL1,NAWA-TREND,sample,spring,CH_042_ZH
T042-ZHL2,NAWA-TREND,sample,spring,CH_042_ZH
T042-ZHR1,NAWA-TREND,sample,spring,CH_042_ZH
T042-ZHR2,NAWA-TREND,sample,spring,CH_042_ZH
T043-ZHL1,NAWA-TREND,sample,spring,CH_043_ZH
T043-ZHL2,NAWA-TREND,sample,spring,CH_043_ZH
T043-ZHR1,NAWA-TREND,sample,spring,CH_043_ZH
T043-ZHR2,NAWA-TREND,sample,spring,CH_043_ZH
T044-ZHL1,NAWA-TREND,sample,spring,CH_044_ZH
T044-ZHL2,NAWA-TREND,sample,spring,CH_044_ZH
T044-ZHR1,NAWA-TREND,sample,spring,CH_044_ZH
T044-ZHR2,NAWA-TREND,sample,spring,CH_044_ZH
T045-ZHL1,NAWA-TREND,sample,spring,CH_045_ZH
T045-ZHL2,NAWA-TREND,sample,spring,CH_045_ZH
T045-ZHR1,NAWA-TREND,sample,spring,CH_045_ZH
T045-ZHR2,NAWA-TREND,sample,spring,CH_045_ZH
T046-ZHL1,NAWA-TREND,sample,spring,CH_046_ZH
T046-ZHL2,NAWA-TREND,sample,spring,CH_046_ZH
T046-ZHR1,NAWA-TREND,sample,spring,CH_046_ZH
T046-ZHR2,NAWA-TREND,sample,spring,CH_046_ZH
T047-ZHL1,NAWA-TREND,sample,spring,CH_047_ZH
T047-ZHL2,NAWA-TREND,sample,spring,CH_047_ZH
T047-ZHR1,NAWA-TREND,sample,spring,CH_047_ZH
T047-ZHR2,NAWA-TREND,sample,spring,CH_047_ZH
T048-ZHL1,NAWA-TREND,sample,spring,CH_048_ZH
T048-ZHL2,NAWA-TREND,sample,spring,CH_048_ZH
T048-ZHR1,NAWA-TREND,sample,spring,CH_048_ZH
T048-ZHR2,NAWA-TREND,sample,spring,CH_048_ZH
T049-ZHL1,NAWA-TREND,sample,spring,CH_049_ZH
T049-ZHL2,NAWA-TREND,sample,spring,CH_049_ZH
T049-ZHR1,NAWA-TREND,sample,spring,CH_049_ZH
T049-ZHR2,NAWA-TREND,sample,spring,CH_049_ZH
T050-ZHL1,NAWA-TREND,sample,spring,CH_050_ZH
T050-ZHL2,NAWA-TREND,sample,spring,CH_050_ZH
T050-ZHR1,NAWA-TREND,sample,spring,CH_050_ZH
T050-ZHR2,NAWA-TREND,sample,spring,CH_050_ZH
T054-FRL1,NAWA-TREND,sample,spring,CH_054_FR
T054-FRL2,NAWA-TREND,sample,spring,CH_054_FR
T054-FRR1,NAWA-TREND,sample,spring,CH_054_FR
T054-FRR2,NAWA-TREND,sample,spring,CH_054_FR
T058-BEL1,NAWA-TREND,sample,spring,CH_058_BE
T058-BEL2,NAWA-TREND,sample,spring,CH_058_BE
T058-BER1,NAWA-TREND,sample,spring,CH_058_BE
T058-BER2,NAWA-TREND,sample,spring,CH_058_BE
T059-BEL1,NAWA-TREND,sample,spring,CH_059_BE
T059-BEL2,NAWA-TREND,sample,spring,CH_059_BE
T059-BER1,NAWA-TREND,sample,spring,CH_059_BE
T059-BER2,NAWA-TREND,sample,spring,CH_059_BE
T060-BEL1,NAWA-TREND,sample,spring,CH_060_BE
T060-BEL2,NAWA-TREND,sample,spring,CH_060_BE
T060-BER1,NAWA-TREND,sample,spring,CH_060_BE
T060-BER2,NAWA-TREND,sample,spring,CH_060_BE
T063-BEL1,NAWA-TREND,sample,spring,CH_063_BE
T063-BEL2,NAWA-TREND,sample,spring,CH_063_BE
T063-BER1,NAWA-TREND,sample,spring,CH_063_BE
T063-BER2,NAWA-TREND,sample,spring,CH_063_BE
T066-ZHL1,NAWA-TREND,sample,spring,CH_066_ZH
T066-ZHL2,NAWA-TREND,sample,spring,CH_066_ZH
T066-ZHR1,NAWA-TREND,sample,spring,CH_066_ZH
T066-ZHR2,NAWA-TREND,sample,spring,CH_066_ZH
T093-LUR1,NAWA-TREND,sample,spring,CH_093_LU
T093-LUR2,NAWA-TREND,sample,spring,CH_093_LU
T067-BLL1,NAWA-TREND,sample,spring,CH_067_BL
T067-BLL2,NAWA-TREND,sample,spring,CH_067_BL
T067-BLR1,NAWA-TREND,sample,spring,CH_067_BL
T067-BLR2,NAWA-TREND,sample,spring,CH_067_BL
T068-JUL1,NAWA-TREND,sample,spring,CH_068_JU
T068-JUL2,NAWA-TREND,sample,spring,CH_068_JU
T068-JUR1,NAWA-TREND,sample,spring,CH_068_JU
T068-JUR2,NAWA-TREND,sample,spring,CH_068_JU
T069-JUL1,NAWA-TREND,sample,spring,CH_069_JU
T069-JUL2,NAWA-TREND,sample,spring,CH_069_JU
T069-JUR1,NAWA-TREND,sample,spring,CH_069_JU
T069-JUR2,NAWA-TREND,sample,spring,CH_069_JU
T070-TGL1,NAWA-TREND,sample,spring,CH_070_TG
T070-TGL2,NAWA-TREND,sample,spring,CH_070_TG
T070-TGR1,NAWA-TREND,sample,spring,CH_070_TG
T070-TGR2,NAWA-TREND,sample,spring,CH_070_TG
T071-TGL1,NAWA-TREND,sample,spring,CH_071_TG
T071-TGL2,NAWA-TREND,sample,spring,CH_071_TG
T071-TGR1,NAWA-TREND,sample,spring,CH_071_TG
T071-TGR2,NAWA-TREND,sample,spring,CH_071_TG
T072-TGL1,NAWA-TREND,sample,spring,CH_072_TG
T072-TGL2,NAWA-TREND,sample,spring,CH_072_TG
T072-TGR1,NAWA-TREND,sample,spring,CH_072_TG
T072-TGR2,NAWA-TREND,sample,spring,CH_072_TG
T074-NWL1,NAWA-TREND,sample,spring,CH_074_NW
T074-NWL2,NAWA-TREND,sample,spring,CH_074_NW
T074-NWR1,NAWA-TREND,sample,spring,CH_074_NW
T074-NWR2,NAWA-TREND,sample,spring,CH_074_NW
T075-ZGL1,NAWA-TREND,sample,spring,CH_075_ZG
T075-ZGL2,NAWA-TREND,sample,spring,CH_075_ZG
T075-ZGR1,NAWA-TREND,sample,spring,CH_075_ZG
T075-ZGR2,NAWA-TREND,sample,spring,CH_075_ZG
T076-ZGL1,NAWA-TREND,sample,spring,CH_076_ZG
T076-ZGL2,NAWA-TREND,sample,spring,CH_076_ZG
T076-ZGR1,NAWA-TREND,sample,spring,CH_076_ZG
T076-ZGR2,NAWA-TREND,sample,spring,CH_076_ZG
T079-AGL1,NAWA-TREND,sample,spring,CH_079_AG
T079-AGL2,NAWA-TREND,sample,spring,CH_079_AG
T079-AGR1,NAWA-TREND,sample,spring,CH_079_AG
T079-AGR2,NAWA-TREND,sample,spring,CH_079_AG
T084-JUL1,NAWA-TREND,sample,spring,CH_084_JU
T084-JUL2,NAWA-TREND,sample,spring,CH_084_JU
T084-JUR1,NAWA-TREND,sample,spring,CH_084_JU
T084-JUR2,NAWA-TREND,sample,spring,CH_084_JU
T085-NEL1,NAWA-TREND,sample,spring,CH_085_NE
T085-NEL2,NAWA-TREND,sample,spring,CH_085_NE
T085-NER1,NAWA-TREND,sample,spring,CH_085_NE
T085-NER2,NAWA-TREND,sample,spring,CH_085_NE
T087-JUL1,NAWA-TREND,sample,spring,CH_087_JU
T087-JUL2,NAWA-TREND,sample,spring,CH_087_JU
T087-JUR1,NAWA-TREND,sample,spring,CH_087_JU
T087-JUR2,NAWA-TREND,sample,spring,CH_087_JU
T088-JUL1,NAWA-TREND,sample,spring,CH_088_JU
T088-JUL2,NAWA-TREND,sample,spring,CH_088_JU
T088-JUR1,NAWA-TREND,sample,spring,CH_088_JU
T088-JUR2,NAWA-TREND,sample,spring,CH_088_JU
T089-SOL1,NAWA-TREND,sample,spring,CH_089_SO
T089-SOL2,NAWA-TREND,sample,spring,CH_089_SO
T089-SOR1,NAWA-TREND,sample,spring,CH_089_SO
T089-SOR2,NAWA-TREND,sample,spring,CH_089_SO
T091-GRL1,NAWA-TREND,sample,spring,CH_091_GR
T091-GRL2,NAWA-TREND,sample,spring,CH_091_GR
T091-GRR1,NAWA-TREND,sample,spring,CH_091_GR
T091-GRR2,NAWA-TREND,sample,spring,CH_091_GR
T092-BEL1,NAWA-TREND,sample,spring,CH_092_BE
T092-BEL2,NAWA-TREND,sample,spring,CH_092_BE
T092-BER1,NAWA-TREND,sample,spring,CH_092_BE
T092-BER2,NAWA-TREND,sample,spring,CH_092_BE
T093-LUL1,NAWA-TREND,sample,spring,CH_093_LU
T093-LUL2,NAWA-TREND,sample,spring,CH_093_LU
T094-BEL1,NAWA-TREND,sample,spring,CH_094_BE
T094-BEL2,NAWA-TREND,sample,spring,CH_094_BE
T094-BER1,NAWA-TREND,sample,spring,CH_094_BE
T094-BER2,NAWA-TREND,sample,spring,CH_094_BE
T095-GRL1,NAWA-TREND,sample,spring,CH_095_GR
T095-GRL2,NAWA-TREND,sample,spring,CH_095_GR
T095-GRR1,NAWA-TREND,sample,spring,CH_095_GR
T095-GRR2,NAWA-TREND,sample,spring,CH_095_GR
T098-TIL1,NAWA-TREND,sample,spring,CH_098_TI
T098-TIL2,NAWA-TREND,sample,spring,CH_098_TI
T098-TIR1,NAWA-TREND,sample,spring,CH_098_TI
T098-TIR2,NAWA-TREND,sample,spring,CH_098_TI
T099-TIL1,NAWA-TREND,sample,spring,CH_099_TI
T099-TIL2,NAWA-TREND,sample,spring,CH_099_TI
T099-TIR1,NAWA-TREND,sample,spring,CH_099_TI
T099-TIR2,NAWA-TREND,sample,spring,CH_099_TI
T100-SZL1,NAWA-TREND,sample,spring,CH_100_SZ
T100-SZL2,NAWA-TREND,sample,spring,CH_100_SZ
T100-SZR1,NAWA-TREND,sample,spring,CH_100_SZ
T100-SZR2,NAWA-TREND,sample,spring,CH_100_SZ
T101-URL1,NAWA-TREND,sample,spring,CH_101_UR
T101-URL2,NAWA-TREND,sample,spring,CH_101_UR
T101-URR1,NAWA-TREND,sample,spring,CH_101_UR
T101-URR2,NAWA-TREND,sample,spring,CH_101_UR
T106-BEL1,NAWA-TREND,sample,spring,CH_106_BE
T106-BEL2,NAWA-TREND,sample,spring,CH_106_BE
T106-BER1,NAWA-TREND,sample,spring,CH_106_BE
T106-BER2,NAWA-TREND,sample,spring,CH_106_BE
T111-AGL1,NAWA-TREND,sample,spring,CH_111_AG
T111-AGL2,NAWA-TREND,sample,spring,CH_111_AG
T111-AGR1,NAWA-TREND,sample,spring,CH_111_AG
T111-AGR2,NAWA-TREND,sample,spring,CH_111_AG
T114-BEL1,NAWA-TREND,sample,spring,CH_114_BE
T114-BEL2,NAWA-TREND,sample,spring,CH_114_BE
T114-BER1,NAWA-TREND,sample,spring,CH_114_BE
T114-BER2,NAWA-TREND,sample,spring,CH_114_BE
T119-NEL1,NAWA-TREND,sample,spring,CH_119_NE
T119-NEL2,NAWA-TREND,sample,spring,CH_119_NE
T119-NER1,NAWA-TREND,sample,spring,CH_119_NE
T119-NER2,NAWA-TREND,sample,spring,CH_119_NE
T123-TIL1,NAWA-TREND,sample,spring,CH_123_TI
T123-TIL2,NAWA-TREND,sample,spring,CH_123_TI
T123-TIR1,NAWA-TREND,sample,spring,CH_123_TI
T123-TIR2,NAWA-TREND,sample,spring,CH_123_TI
T126-VDL1,NAWA-TREND,sample,spring,CH_126_VD
T126-VDL2,NAWA-TREND,sample,spring,CH_126_VD
T126-VDR1,NAWA-TREND,sample,spring,CH_126_VD
T126-VDR2,NAWA-TREND,sample,spring,CH_126_VD
T127-VDL1,NAWA-TREND,sample,spring,CH_127_VD
T127-VDL2,NAWA-TREND,sample,spring,CH_127_VD
T127-VDR1,NAWA-TREND,sample,spring,CH_127_VD
T127-VDR2,NAWA-TREND,sample,spring,CH_127_VD
T128-VDL1,NAWA-TREND,sample,spring,CH_128_VD
T128-VDL2,NAWA-TREND,sample,spring,CH_128_VD
T128-VDR1,NAWA-TREND,sample,spring,CH_128_VD
T128-VDR2,NAWA-TREND,sample,spring,CH_128_VD
T129-VDL1,NAWA-TREND,sample,spring,CH_129_VD
T129-VDL2,NAWA-TREND,sample,spring,CH_129_VD
T129-VDR1,NAWA-TREND,sample,spring,CH_129_VD
T129-VDR2,NAWA-TREND,sample,spring,CH_129_VD
T130-VDR1,NAWA-TREND,sample,spring,CH_130_VD
T130-VDR2,NAWA-TREND,sample,spring,CH_130_VD
T131-VDL1,NAWA-TREND,sample,spring,CH_131_VD
T131-VDL2,NAWA-TREND,sample,spring,CH_131_VD
T131-VDR1,NAWA-TREND,sample,spring,CH_131_VD
T131-VDR2,NAWA-TREND,sample,spring,CH_131_VD
T132-VDL1,NAWA-TREND,sample,spring,CH_132_VD
T132-VDL2,NAWA-TREND,sample,spring,CH_132_VD
T132-VDR1,NAWA-TREND,sample,spring,CH_132_VD
T132-VDR2,NAWA-TREND,sample,spring,CH_132_VD
T133-BEL1,NAWA-TREND,sample,spring,CH_133_BE
T133-BEL2,NAWA-TREND,sample,spring,CH_133_BE
T133-BER1,NAWA-TREND,sample,spring,CH_133_BE
T133-BER2,NAWA-TREND,sample,spring,CH_133_BE
T134-BEL1,NAWA-TREND,sample,spring,CH_134_BE
T134-BEL2,NAWA-TREND,sample,spring,CH_134_BE
T134-BER1,NAWA-TREND,sample,spring,CH_134_BE
T134-BER2,NAWA-TREND,sample,spring,CH_134_BE
T135-ARL1,NAWA-TREND,sample,spring,CH_135_AR
T135-ARL2,NAWA-TREND,sample,spring,CH_135_AR
T135-ARR1,NAWA-TREND,sample,spring,CH_135_AR
T135-ARR2,NAWA-TREND,sample,spring,CH_135_AR
T136-AGL1,NAWA-TREND,sample,spring,CH_136_AG
T136-AGL2,NAWA-TREND,sample,spring,CH_136_AG
T136-AGR1,NAWA-TREND,sample,spring,CH_136_AG
T136-AGR2,NAWA-TREND,sample,spring,CH_136_AG
T137-AGL1,NAWA-TREND,sample,spring,CH_137_AG
T137-AGL2,NAWA-TREND,sample,spring,CH_137_AG
T137-AGR1,NAWA-TREND,sample,spring,CH_137_AG
T137-AGR2,NAWA-TREND,sample,spring,CH_137_AG
T140-FRL1,NAWA-TREND,sample,spring,CH_140_FR
T140-FRL2,NAWA-TREND,sample,spring,CH_140_FR
T140-FRR1,NAWA-TREND,sample,spring,CH_140_FR
T140-FRR2,NAWA-TREND,sample,spring,CH_140_FR
T143-SGL1,NAWA-TREND,sample,spring,CH_143_SG
T143-SGL2,NAWA-TREND,sample,spring,CH_143_SG
T143-SGR1,NAWA-TREND,sample,spring,CH_143_SG
T143-SGR2,NAWA-TREND,sample,spring,CH_143_SG
T145-SHL1,NAWA-TREND,sample,spring,CH_145_SH
T145-SHL2,NAWA-TREND,sample,spring,CH_145_SH
T145-SHR1,NAWA-TREND,sample,spring,CH_145_SH
T145-SHR2,NAWA-TREND,sample,spring,CH_145_SH
T146-SHL1,NAWA-TREND,sample,spring,CH_146_SH
T146-SHL2,NAWA-TREND,sample,spring,CH_146_SH
T146-SHR1,NAWA-TREND,sample,spring,CH_146_SH
T146-SHR2,NAWA-TREND,sample,spring,CH_146_SH
T148-TGL1,NAWA-TREND,sample,spring,CH_148_TG
T148-TGL2,NAWA-TREND,sample,spring,CH_148_TG
T148-TGR1,NAWA-TREND,sample,spring,CH_148_TG
T148-TGR2,NAWA-TREND,sample,spring,CH_148_TG
T149-TIL1,NAWA-TREND,sample,spring,CH_149_TI
T149-TIL2,NAWA-TREND,sample,spring,CH_149_TI
T149-TIR1,NAWA-TREND,sample,spring,CH_149_TI
T149-TIR2,NAWA-TREND,sample,spring,CH_149_TI
T150-VDL1,NAWA-TREND,sample,spring,CH_150_VD
T150-VDL2,NAWA-TREND,sample,spring,CH_150_VD
T150-VDR1,NAWA-TREND,sample,spring,CH_150_VD
T150-VDR2,NAWA-TREND,sample,spring,CH_150_VD
T151-VDL1,NAWA-TREND,sample,spring,CH_151_VD
T151-VDL2,NAWA-TREND,sample,spring,CH_151_VD
T151-VDR1,NAWA-TREND,sample,spring,CH_151_VD
T151-VDR2,NAWA-TREND,sample,spring,CH_151_VD
T152-VSL1,NAWA-TREND,sample,spring,CH_152_VS
T152-VSL2,NAWA-TREND,sample,spring,CH_152_VS
T152-VSR1,NAWA-TREND,sample,spring,CH_152_VS
T152-VSR2,NAWA-TREND,sample,spring,CH_152_VS
T154-LUR2,NAWA-TREND,sample,spring,CH_154_LU
T154-LUL1,NAWA-TREND,sample,spring,CH_154_LU
T154-LUL2,NAWA-TREND,sample,spring,CH_154_LU
T154-LUR1,NAWA-TREND,sample,spring,CH_154_LU
284-N710_S522,NAWA-SPEZ,n_control_extraction,NA,NA
288-N715_S522,NAWA-SPEZ,p_control_pcr,NA,NA
192-N729_S511,NAWA-SPEZ,p_control_pcr,NA,NA
330-N722_S517,NAWA-SPEZ,p_control_pcr,NA,NA
285-N711_S522,NAWA-SPEZ,n_control_extraction,NA,NA
286-N712_S522,NAWA-SPEZ,n_control_extraction,NA,NA
331-N716_S518,NAWA-SPEZ,n_control_extraction,NA,NA
095-N714_S511,NAWA-SPEZ,n_control_pcr,NA,NA
287-N714_S522,NAWA-SPEZ,n_control_pcr,NA,NA
191-N728_S511,NAWA-SPEZ,n_control_pcr,NA,NA
329-N721_S517,NAWA-SPEZ,n_control_pcr,NA,NA
096-N715_S511,NAWA-SPEZ,p_control_pcr,NA,NA
279-N703_S522,NAWA-SPEZ,extraction_control,NA,NA
332-N716_S520,NAWA-SPEZ,extraction_control,NA,NA
333-N716_S521,NAWA-SPEZ,extraction_control,NA,NA
334-N716_S522,NAWA-SPEZ,extraction_control,NA,NA
280-N704_S522,NAWA-SPEZ,extraction_control,NA,NA
281-N705_S522,NAWA-SPEZ,extraction_control,NA,NA
282-N706_S522,NAWA-SPEZ,extraction_control,NA,NA
283-N707_S522,NAWA-SPEZ,extraction_control,NA,NA
107-N728_S502,NAWA-SPEZ,sample,spring,Spez_001_AG
108-N729_S502,NAWA-SPEZ,sample,spring,Spez_001_AG
211-N707_S515,NAWA-SPEZ,sample,summer,Spez_001_AG
212-N710_S515,NAWA-SPEZ,sample,summer,Spez_001_AG
110-N718_S503,NAWA-SPEZ,sample,spring,Spez_002_AG
109-N716_S503,NAWA-SPEZ,sample,spring,Spez_002_AG
323-N728_S516,NAWA-SPEZ,sample,summer,Spez_002_AG
324-N729_S516,NAWA-SPEZ,sample,summer,Spez_002_AG
162-N722_S508,NAWA-SPEZ,sample,spring,Spez_003_AG
161-N721_S508,NAWA-SPEZ,sample,spring,Spez_003_AG
217-N701_S516,NAWA-SPEZ,sample,summer,Spez_003_AG
218-N702_S516,NAWA-SPEZ,sample,summer,Spez_003_AG
102-N722_S502,NAWA-SPEZ,sample,spring,Spez_004_AG
101-N721_S502,NAWA-SPEZ,sample,spring,Spez_004_AG
115-N723_S503,NAWA-SPEZ,sample,summer,Spez_004_AG
116-N724_S503,NAWA-SPEZ,sample,summer,Spez_004_AG
100-N720_S502,NAWA-SPEZ,sample,spring,Spez_005_AG
099-N719_S502,NAWA-SPEZ,sample,spring,Spez_005_AG
123-N719_S505,NAWA-SPEZ,sample,summer,Spez_005_AG
124-N720_S505,NAWA-SPEZ,sample,summer,Spez_005_AG
086-N702_S511,NAWA-SPEZ,sample,spring,Spez_006_AG
085-N701_S511,NAWA-SPEZ,sample,spring,Spez_006_AG
321-N726_S516,NAWA-SPEZ,sample,summer,Spez_006_AG
322-N727_S516,NAWA-SPEZ,sample,summer,Spez_006_AG
301-N716_S515,NAWA-SPEZ,sample,summer,Spez_007_AG
302-N718_S515,NAWA-SPEZ,sample,summer,Spez_007_AG
114-N722_S503,NAWA-SPEZ,sample,spring,Spez_008_AI
113-N721_S503,NAWA-SPEZ,sample,spring,Spez_008_AI
071-N714_S508,NAWA-SPEZ,sample,summer,Spez_008_AI
072-N715_S508,NAWA-SPEZ,sample,summer,Spez_008_AI
066-N706_S508,NAWA-SPEZ,sample,spring,Spez_009_AI
065-N705_S508,NAWA-SPEZ,sample,spring,Spez_009_AI
137-N721_S506,NAWA-SPEZ,sample,summer,Spez_009_AI
138-N722_S506,NAWA-SPEZ,sample,summer,Spez_009_AI
176-N724_S510,NAWA-SPEZ,sample,spring,Spez_010_AR
175-N723_S510,NAWA-SPEZ,sample,spring,Spez_010_AR
219-N703_S516,NAWA-SPEZ,sample,summer,Spez_010_AR
220-N704_S516,NAWA-SPEZ,sample,summer,Spez_010_AR
060-N715_S507,NAWA-SPEZ,sample,spring,Spez_011_AR
059-N714_S507,NAWA-SPEZ,sample,spring,Spez_011_AR
077-N705_S510,NAWA-SPEZ,sample,summer,Spez_011_AR
078-N706_S510,NAWA-SPEZ,sample,summer,Spez_011_AR
264-N715_S520,NAWA-SPEZ,sample,spring,Spez_012_BE
263-N714_S520,NAWA-SPEZ,sample,spring,Spez_012_BE
009-N711_S502,NAWA-SPEZ,sample,summer,Spez_012_BE
149-N721_S507,NAWA-SPEZ,sample,summer,Spez_012_BE
150-N722_S507,NAWA-SPEZ,sample,spring,Spez_013_BE
010-N712_S502,NAWA-SPEZ,sample,spring,Spez_013_BE
021-N711_S503,NAWA-SPEZ,sample,summer,Spez_013_BE
022-N712_S503,NAWA-SPEZ,sample,summer,Spez_013_BE
058-N712_S507,NAWA-SPEZ,sample,spring,Spez_014_BE
057-N711_S507,NAWA-SPEZ,sample,spring,Spez_014_BE
237-N711_S517,NAWA-SPEZ,sample,summer,Spez_014_BE
238-N712_S517,NAWA-SPEZ,sample,summer,Spez_014_BE
016-N704_S503,NAWA-SPEZ,sample,spring,Spez_016_BE
015-N703_S503,NAWA-SPEZ,sample,spring,Spez_016_BE
007-N707_S502,NAWA-SPEZ,sample,summer,Spez_016_BE
008-N710_S502,NAWA-SPEZ,sample,summer,Spez_016_BE
030-N706_S505,NAWA-SPEZ,sample,spring,Spez_017_BE
029-N705_S505,NAWA-SPEZ,sample,spring,Spez_017_BE
017-N705_S503,NAWA-SPEZ,sample,summer,Spez_017_BE
018-N706_S503,NAWA-SPEZ,sample,summer,Spez_017_BE
036-N715_S505,NAWA-SPEZ,sample,spring,Spez_020_BE
035-N714_S505,NAWA-SPEZ,sample,spring,Spez_020_BE
001-N701_S502,NAWA-SPEZ,sample,summer,Spez_020_BE
002-N702_S502,NAWA-SPEZ,sample,summer,Spez_020_BE
028-N704_S505,NAWA-SPEZ,sample,spring,Spez_021_BE
027-N703_S505,NAWA-SPEZ,sample,spring,Spez_021_BE
319-N723_S516,NAWA-SPEZ,sample,summer,Spez_021_BE
320-N724_S516,NAWA-SPEZ,sample,summer,Spez_021_BE
166-N727_S508,NAWA-SPEZ,sample,spring,Spez_022_BE
165-N726_S508,NAWA-SPEZ,sample,spring,Spez_022_BE
235-N707_S517,NAWA-SPEZ,sample,summer,Spez_022_BE
236-N710_S517,NAWA-SPEZ,sample,summer,Spez_022_BE
312-N729_S515,NAWA-SPEZ,sample,spring,Spez_023_BE
311-N728_S515,NAWA-SPEZ,sample,spring,Spez_023_BE
023-N714_S503,NAWA-SPEZ,sample,summer,Spez_023_BE
024-N715_S503,NAWA-SPEZ,sample,summer,Spez_023_BE
266-N702_S521,NAWA-SPEZ,sample,spring,Spez_025_BL
265-N701_S521,NAWA-SPEZ,sample,spring,Spez_025_BL
151-N723_S507,NAWA-SPEZ,sample,summer,Spez_025_BL
152-N724_S507,NAWA-SPEZ,sample,summer,Spez_025_BL
154-N727_S507,NAWA-SPEZ,sample,spring,Spez_026_BS
153-N726_S507,NAWA-SPEZ,sample,spring,Spez_026_BS
203-N714_S513,NAWA-SPEZ,sample,summer,Spez_026_BS
204-N715_S513,NAWA-SPEZ,sample,summer,Spez_026_BS
020-N710_S503,NAWA-SPEZ,sample,spring,Spez_028_FR
019-N707_S503,NAWA-SPEZ,sample,spring,Spez_028_FR
055-N707_S507,NAWA-SPEZ,sample,summer,Spez_028_FR
056-N710_S507,NAWA-SPEZ,sample,summer,Spez_028_FR
025-N701_S505,NAWA-SPEZ,sample,summer,Spez_029_FR
026-N702_S505,NAWA-SPEZ,sample,summer,Spez_029_FR
298-N727_S513,NAWA-SPEZ,sample,spring,Spez_031_FR
297-N726_S513,NAWA-SPEZ,sample,spring,Spez_031_FR
227-N714_S516,NAWA-SPEZ,sample,summer,Spez_031_FR
228-N715_S516,NAWA-SPEZ,sample,summer,Spez_031_FR
146-N718_S507,NAWA-SPEZ,sample,spring,Spez_032_FR
145-N716_S507,NAWA-SPEZ,sample,spring,Spez_032_FR
249-N711_S518,NAWA-SPEZ,sample,summer,Spez_032_FR
250-N712_S518,NAWA-SPEZ,sample,summer,Spez_032_FR
004-N704_S502,NAWA-SPEZ,sample,spring,Spez_033_FR
003-N703_S502,NAWA-SPEZ,sample,spring,Spez_033_FR
033-N711_S505,NAWA-SPEZ,sample,summer,Spez_033_FR
034-N712_S505,NAWA-SPEZ,sample,summer,Spez_033_FR
296-N724_S513,NAWA-SPEZ,sample,spring,Spez_034_GE
295-N723_S513,NAWA-SPEZ,sample,spring,Spez_034_GE
247-N707_S518,NAWA-SPEZ,sample,summer,Spez_034_GE
248-N710_S518,NAWA-SPEZ,sample,summer,Spez_034_GE
064-N704_S508,NAWA-SPEZ,sample,spring,Spez_036_GL
063-N703_S508,NAWA-SPEZ,sample,spring,Spez_036_GL
073-N701_S510,NAWA-SPEZ,sample,summer,Spez_036_GL
074-N702_S510,NAWA-SPEZ,sample,summer,Spez_036_GL
067-N707_S508,NAWA-SPEZ,sample,spring,Spez_037_GL
068-N710_S508,NAWA-SPEZ,sample,summer,Spez_037_GL
155-N728_S507,NAWA-SPEZ,sample,summer,Spez_037_GL
156-N729_S507,NAWA-SPEZ,sample,summer,Spez_037_GL
043-N707_S506,NAWA-SPEZ,sample,summer,Spez_038_GR
260-N710_S520,NAWA-SPEZ,sample,spring,Spez_038_GR
259-N707_S520,NAWA-SPEZ,sample,spring,Spez_038_GR
044-N710_S506,NAWA-SPEZ,sample,summer,Spez_038_GR
256-N704_S520,NAWA-SPEZ,sample,spring,Spez_039_GR
255-N703_S520,NAWA-SPEZ,sample,spring,Spez_039_GR
239-N714_S517,NAWA-SPEZ,sample,summer,Spez_039_GR
240-N715_S517,NAWA-SPEZ,sample,summer,Spez_039_GR
042-N706_S506,NAWA-SPEZ,sample,spring,Spez_040_GR
041-N705_S506,NAWA-SPEZ,sample,spring,Spez_040_GR
045-N711_S506,NAWA-SPEZ,sample,summer,Spez_040_GR
046-N712_S506,NAWA-SPEZ,sample,summer,Spez_040_GR
234-N706_S517,NAWA-SPEZ,sample,spring,Spez_041_GR
233-N705_S517,NAWA-SPEZ,sample,spring,Spez_041_GR
037-N701_S506,NAWA-SPEZ,sample,summer,Spez_041_GR
038-N702_S506,NAWA-SPEZ,sample,summer,Spez_041_GR
258-N706_S520,NAWA-SPEZ,sample,spring,Spez_042_GR
257-N705_S520,NAWA-SPEZ,sample,spring,Spez_042_GR
053-N705_S507,NAWA-SPEZ,sample,summer,Spez_042_GR
054-N706_S507,NAWA-SPEZ,sample,summer,Spez_042_GR
244-N704_S518,NAWA-SPEZ,sample,spring,Spez_043_JU
243-N703_S518,NAWA-SPEZ,sample,spring,Spez_043_JU
197-N705_S513,NAWA-SPEZ,sample,summer,Spez_043_JU
198-N706_S513,NAWA-SPEZ,sample,summer,Spez_043_JU
270-N706_S521,NAWA-SPEZ,sample,spring,Spez_044_JU
269-N705_S521,NAWA-SPEZ,sample,spring,Spez_044_JU
195-N703_S513,NAWA-SPEZ,sample,summer,Spez_044_JU
196-N704_S513,NAWA-SPEZ,sample,summer,Spez_044_JU
278-N702_S522,NAWA-SPEZ,sample,spring,Spez_045_JU
277-N701_S522,NAWA-SPEZ,sample,spring,Spez_045_JU
157-N716_S508,NAWA-SPEZ,sample,summer,Spez_045_JU
158-N718_S508,NAWA-SPEZ,sample,summer,Spez_045_JU
127-N723_S505,NAWA-SPEZ,sample,spring,Spez_046_LU
128-N724_S505,NAWA-SPEZ,sample,spring,Spez_046_LU
309-N726_S515,NAWA-SPEZ,sample,summer,Spez_046_LU
310-N727_S515,NAWA-SPEZ,sample,summer,Spez_046_LU
122-N718_S505,NAWA-SPEZ,sample,spring,Spez_047_LU
121-N716_S505,NAWA-SPEZ,sample,spring,Spez_047_LU
313-N716_S516,NAWA-SPEZ,sample,summer,Spez_047_LU
314-N718_S516,NAWA-SPEZ,sample,summer,Spez_047_LU
305-N721_S515,NAWA-SPEZ,sample,summer,Spez_048_LU
306-N722_S515,NAWA-SPEZ,sample,summer,Spez_048_LU
134-N718_S506,NAWA-SPEZ,sample,spring,Spez_049_LU
133-N716_S506,NAWA-SPEZ,sample,spring,Spez_049_LU
125-N721_S505,NAWA-SPEZ,sample,summer,Spez_049_LU
126-N722_S505,NAWA-SPEZ,sample,summer,Spez_049_LU
118-N727_S503,NAWA-SPEZ,sample,spring,Spez_050_LU
117-N726_S503,NAWA-SPEZ,sample,spring,Spez_050_LU
307-N723_S515,NAWA-SPEZ,sample,summer,Spez_050_LU
308-N724_S515,NAWA-SPEZ,sample,summer,Spez_050_LU
143-N728_S506,NAWA-SPEZ,sample,summer,Spez_051_LU
144-N729_S506,NAWA-SPEZ,sample,summer,Spez_051_LU
194-N702_S513,NAWA-SPEZ,sample,spring,Spez_052_NE
193-N701_S513,NAWA-SPEZ,sample,spring,Spez_052_NE
271-N707_S521,NAWA-SPEZ,sample,summer,Spez_052_NE
272-N710_S521,NAWA-SPEZ,sample,summer,Spez_052_NE
274-N712_S521,NAWA-SPEZ,sample,spring,Spez_053_NE
273-N711_S521,NAWA-SPEZ,sample,spring,Spez_053_NE
205-N701_S515,NAWA-SPEZ,sample,summer,Spez_053_NE
206-N702_S515,NAWA-SPEZ,sample,summer,Spez_053_NE
131-N728_S505,NAWA-SPEZ,sample,spring,Spez_054_NW
132-N729_S505,NAWA-SPEZ,sample,spring,Spez_054_NW
183-N719_S511,NAWA-SPEZ,sample,summer,Spez_054_NW
184-N720_S511,NAWA-SPEZ,sample,summer,Spez_054_NW
230-N702_S517,NAWA-SPEZ,sample,spring,Spez_055_OW
229-N701_S517,NAWA-SPEZ,sample,spring,Spez_055_OW
031-N707_S505,NAWA-SPEZ,sample,summer,Spez_055_OW
032-N710_S505,NAWA-SPEZ,sample,summer,Spez_055_OW
005-N705_S502,NAWA-SPEZ,sample,summer,Spez_056_OW
006-N706_S502,NAWA-SPEZ,sample,summer,Spez_056_OW
105-N726_S502,NAWA-SPEZ,sample,spring,Spez_057_SG
106-N727_S502,NAWA-SPEZ,sample,spring,Spez_057_SG
213-N711_S515,NAWA-SPEZ,sample,summer,Spez_057_SG
214-N712_S515,NAWA-SPEZ,sample,summer,Spez_057_SG
148-N720_S507,NAWA-SPEZ,sample,spring,Spez_058_SG
147-N719_S507,NAWA-SPEZ,sample,spring,Spez_058_SG
209-N705_S515,NAWA-SPEZ,sample,summer,Spez_058_SG
210-N706_S515,NAWA-SPEZ,sample,summer,Spez_058_SG
185-N721_S511,NAWA-SPEZ,sample,summer,Spez_059_SG
139-N723_S506,NAWA-SPEZ,sample,summer,Spez_059_SG
186-N722_S511,NAWA-SPEZ,sample,spring,Spez_060_SG
140-N724_S506,NAWA-SPEZ,sample,spring,Spez_060_SG
261-N711_S520,NAWA-SPEZ,sample,summer,Spez_060_SG
262-N712_S520,NAWA-SPEZ,sample,summer,Spez_060_SG
040-N704_S506,NAWA-SPEZ,sample,spring,Spez_061_SG
039-N703_S506,NAWA-SPEZ,sample,spring,Spez_061_SG
163-N723_S508,NAWA-SPEZ,sample,summer,Spez_061_SG
164-N724_S508,NAWA-SPEZ,sample,summer,Spez_061_SG
202-N712_S513,NAWA-SPEZ,sample,spring,Spez_062_SH
201-N711_S513,NAWA-SPEZ,sample,spring,Spez_062_SH
159-N719_S508,NAWA-SPEZ,sample,summer,Spez_062_SH
160-N720_S508,NAWA-SPEZ,sample,summer,Spez_062_SH
200-N710_S513,NAWA-SPEZ,sample,spring,Spez_063_SH
199-N707_S513,NAWA-SPEZ,sample,spring,Spez_063_SH
083-N714_S510,NAWA-SPEZ,sample,summer,Spez_063_SH
084-N715_S510,NAWA-SPEZ,sample,summer,Spez_063_SH
304-N720_S515,NAWA-SPEZ,sample,spring,Spez_065_SO
303-N719_S515,NAWA-SPEZ,sample,spring,Spez_065_SO
089-N705_S511,NAWA-SPEZ,sample,summer,Spez_065_SO
090-N706_S511,NAWA-SPEZ,sample,summer,Spez_065_SO
112-N720_S503,NAWA-SPEZ,sample,spring,Spez_066_SO
111-N719_S503,NAWA-SPEZ,sample,spring,Spez_066_SO
141-N726_S506,NAWA-SPEZ,sample,summer,Spez_066_SO
142-N727_S506,NAWA-SPEZ,sample,summer,Spez_066_SO
268-N704_S521,NAWA-SPEZ,sample,spring,Spez_067_SO
267-N703_S521,NAWA-SPEZ,sample,spring,Spez_067_SO
207-N703_S515,NAWA-SPEZ,sample,summer,Spez_067_SO
208-N704_S515,NAWA-SPEZ,sample,summer,Spez_067_SO
062-N702_S508,NAWA-SPEZ,sample,spring,Spez_068_SZ
061-N701_S508,NAWA-SPEZ,sample,spring,Spez_068_SZ
189-N726_S511,NAWA-SPEZ,sample,summer,Spez_068_SZ
190-N727_S511,NAWA-SPEZ,sample,summer,Spez_068_SZ
014-N702_S503,NAWA-SPEZ,sample,spring,Spez_069_SZ
013-N701_S503,NAWA-SPEZ,sample,spring,Spez_069_SZ
291-N719_S513,NAWA-SPEZ,sample,summer,Spez_069_SZ
292-N720_S513,NAWA-SPEZ,sample,summer,Spez_069_SZ
070-N712_S508,NAWA-SPEZ,sample,spring,Spez_072_TG
069-N711_S508,NAWA-SPEZ,sample,spring,Spez_072_TG
079-N707_S510,NAWA-SPEZ,sample,summer,Spez_072_TG
080-N710_S510,NAWA-SPEZ,sample,summer,Spez_072_TG
082-N712_S510,NAWA-SPEZ,sample,spring,Spez_073_TG
081-N711_S510,NAWA-SPEZ,sample,spring,Spez_073_TG
075-N703_S510,NAWA-SPEZ,sample,summer,Spez_073_TG
076-N704_S510,NAWA-SPEZ,sample,summer,Spez_073_TG
188-N724_S511,NAWA-SPEZ,sample,spring,Spez_075_TI
187-N723_S511,NAWA-SPEZ,sample,spring,Spez_075_TI
327-N719_S517,NAWA-SPEZ,sample,summer,Spez_075_TI
328-N720_S517,NAWA-SPEZ,sample,summer,Spez_075_TI
048-N715_S506,NAWA-SPEZ,sample,spring,Spez_077_TI
047-N714_S506,NAWA-SPEZ,sample,spring,Spez_077_TI
167-N728_S508,NAWA-SPEZ,sample,summer,Spez_077_TI
168-N729_S508,NAWA-SPEZ,sample,summer,Spez_077_TI
051-N703_S507,NAWA-SPEZ,sample,spring,Spez_078_UR
052-N704_S507,NAWA-SPEZ,sample,spring,Spez_078_UR
093-N711_S511,NAWA-SPEZ,sample,summer,Spez_078_UR
094-N712_S511,NAWA-SPEZ,sample,summer,Spez_078_UR
050-N702_S507,NAWA-SPEZ,sample,spring,Spez_079_UR
049-N701_S507,NAWA-SPEZ,sample,spring,Spez_079_UR
091-N707_S511,NAWA-SPEZ,sample,summer,Spez_079_UR
092-N710_S511,NAWA-SPEZ,sample,summer,Spez_079_UR
232-N704_S517,NAWA-SPEZ,sample,spring,Spez_080_VD
231-N703_S517,NAWA-SPEZ,sample,spring,Spez_080_VD
011-N714_S502,NAWA-SPEZ,sample,summer,Spez_080_VD
012-N715_S502,NAWA-SPEZ,sample,summer,Spez_080_VD
174-N722_S510,NAWA-SPEZ,sample,spring,Spez_081_VD
173-N721_S510,NAWA-SPEZ,sample,spring,Spez_081_VD
241-N701_S518,NAWA-SPEZ,sample,summer,Spez_081_VD
242-N702_S518,NAWA-SPEZ,sample,summer,Spez_081_VD
294-N722_S513,NAWA-SPEZ,sample,spring,Spez_082_VD
293-N721_S513,NAWA-SPEZ,sample,spring,Spez_082_VD
223-N707_S516,NAWA-SPEZ,sample,summer,Spez_082_VD
224-N710_S516,NAWA-SPEZ,sample,summer,Spez_082_VD
172-N720_S510,NAWA-SPEZ,sample,spring,Spez_083_VD
171-N719_S510,NAWA-SPEZ,sample,spring,Spez_083_VD
225-N711_S516,NAWA-SPEZ,sample,summer,Spez_083_VD
226-N712_S516,NAWA-SPEZ,sample,summer,Spez_083_VD
275-N714_S521,NAWA-SPEZ,sample,summer,Spez_084_VD
276-N715_S521,NAWA-SPEZ,sample,summer,Spez_084_VD
318-N722_S516,NAWA-SPEZ,sample,spring,Spez_085_VD
317-N721_S516,NAWA-SPEZ,sample,spring,Spez_085_VD
221-N705_S516,NAWA-SPEZ,sample,summer,Spez_085_VD
222-N706_S516,NAWA-SPEZ,sample,summer,Spez_085_VD
300-N729_S513,NAWA-SPEZ,sample,spring,Spez_086_VD
299-N728_S513,NAWA-SPEZ,sample,spring,Spez_086_VD
181-N716_S511,NAWA-SPEZ,sample,summer,Spez_086_VD
182-N718_S511,NAWA-SPEZ,sample,summer,Spez_086_VD
316-N720_S516,NAWA-SPEZ,sample,spring,Spez_087_VD
315-N719_S516,NAWA-SPEZ,sample,spring,Spez_087_VD
245-N705_S518,NAWA-SPEZ,sample,summer,Spez_087_VD
246-N706_S518,NAWA-SPEZ,sample,summer,Spez_087_VD
104-N724_S502,NAWA-SPEZ,sample,spring,Spez_088_VS
103-N723_S502,NAWA-SPEZ,sample,spring,Spez_088_VS
215-N714_S515,NAWA-SPEZ,sample,summer,Spez_088_VS
216-N715_S515,NAWA-SPEZ,sample,summer,Spez_088_VS
290-N718_S513,NAWA-SPEZ,sample,spring,Spez_091_VS
289-N716_S513,NAWA-SPEZ,sample,spring,Spez_091_VS
253-N701_S520,NAWA-SPEZ,sample,summer,Spez_091_VS
254-N702_S520,NAWA-SPEZ,sample,summer,Spez_091_VS
170-N718_S510,NAWA-SPEZ,sample,spring,Spez_092_VS
169-N716_S510,NAWA-SPEZ,sample,spring,Spez_092_VS
251-N714_S518,NAWA-SPEZ,sample,summer,Spez_092_VS
252-N715_S518,NAWA-SPEZ,sample,summer,Spez_092_VS
088-N704_S511,NAWA-SPEZ,sample,spring,Spez_093_ZG
087-N703_S511,NAWA-SPEZ,sample,spring,Spez_093_ZG
135-N719_S506,NAWA-SPEZ,sample,summer,Spez_093_ZG
136-N720_S506,NAWA-SPEZ,sample,summer,Spez_093_ZG
130-N727_S505,NAWA-SPEZ,sample,spring,Spez_094_ZG
129-N726_S505,NAWA-SPEZ,sample,spring,Spez_094_ZG
119-N728_S503,NAWA-SPEZ,sample,summer,Spez_094_ZG
120-N729_S503,NAWA-SPEZ,sample,summer,Spez_094_ZG
098-N718_S502,NAWA-SPEZ,sample,spring,Spez_096_ZH
097-N716_S502,NAWA-SPEZ,sample,spring,Spez_096_ZH
325-N716_S517,NAWA-SPEZ,sample,summer,Spez_096_ZH
326-N718_S517,NAWA-SPEZ,sample,summer,Spez_096_ZH
177-N726_S510,NAWA-SPEZ,sample,summer,Spez_097_ZH
178-N727_S510,NAWA-SPEZ,sample,summer,Spez_097_ZH
179-N728_S510,NAWA-SPEZ,sample,summer,Spez_099_ZH
180-N729_S510,NAWA-SPEZ,sample,summer,Spez_099_ZH
